image_index,resolution1,resolution2,similarity
0,83x110,83x110,1.0
0,83x110,128x128,0.6875
0,83x110,355x503,0.875
0,83x110,500x500,0.6875
0,83x110,1000x1000,0.6875
0,83x110,920x1300,0.875
0,128x128,83x110,0.6875
0,128x128,128x128,1.0
0,128x128,355x503,0.65625
0,128x128,500x500,1.0
0,128x128,1000x1000,1.0
0,128x128,920x1300,0.65625
0,355x503,83x110,0.875
0,355x503,128x128,0.65625
0,355x503,355x503,1.0
0,355x503,500x500,0.65625
0,355x503,1000x1000,0.65625
0,355x503,920x1300,0.96875
0,500x500,83x110,0.6875
0,500x500,128x128,1.0
0,500x500,355x503,0.65625
0,500x500,500x500,1.0
0,500x500,1000x1000,1.0
0,500x500,920x1300,0.65625
0,1000x1000,83x110,0.6875
0,1000x1000,128x128,1.0
0,1000x1000,355x503,0.65625
0,1000x1000,500x500,1.0
0,1000x1000,1000x1000,1.0
0,1000x1000,920x1300,0.65625
0,920x1300,83x110,0.875
0,920x1300,128x128,0.65625
0,920x1300,355x503,0.96875
0,920x1300,500x500,0.65625
0,920x1300,1000x1000,0.65625
0,920x1300,920x1300,1.0
1,83x110,83x110,1.0
1,83x110,128x128,0.625
1,83x110,355x503,0.90625
1,83x110,500x500,0.625
1,83x110,1000x1000,0.625
1,83x110,920x1300,0.90625
1,128x128,83x110,0.625
1,128x128,128x128,1.0
1,128x128,355x503,0.59375
1,128x128,500x500,1.0
1,128x128,1000x1000,1.0
1,128x128,920x1300,0.59375
1,355x503,83x110,0.90625
1,355x503,128x128,0.59375
1,355x503,355x503,1.0
1,355x503,500x500,0.59375
1,355x503,1000x1000,0.59375
1,355x503,920x1300,1.0
1,500x500,83x110,0.625
1,500x500,128x128,1.0
1,500x500,355x503,0.59375
1,500x500,500x500,1.0
1,500x500,1000x1000,1.0
1,500x500,920x1300,0.59375
1,1000x1000,83x110,0.625
1,1000x1000,128x128,1.0
1,1000x1000,355x503,0.59375
1,1000x1000,500x500,1.0
1,1000x1000,1000x1000,1.0
1,1000x1000,920x1300,0.59375
1,920x1300,83x110,0.90625
1,920x1300,128x128,0.59375
1,920x1300,355x503,1.0
1,920x1300,500x500,0.59375
1,920x1300,1000x1000,0.59375
1,920x1300,920x1300,1.0
2,83x110,83x110,1.0
2,83x110,128x128,0.53125
2,83x110,355x503,0.9375
2,83x110,500x500,0.53125
2,83x110,1000x1000,0.53125
2,83x110,920x1300,0.9375
2,128x128,83x110,0.53125
2,128x128,128x128,1.0
2,128x128,355x503,0.5
2,128x128,500x500,0.96875
2,128x128,1000x1000,0.96875
2,128x128,920x1300,0.5
2,355x503,83x110,0.9375
2,355x503,128x128,0.5
2,355x503,355x503,1.0
2,355x503,500x500,0.5
2,355x503,1000x1000,0.5
2,355x503,920x1300,1.0
2,500x500,83x110,0.53125
2,500x500,128x128,0.96875
2,500x500,355x503,0.5
2,500x500,500x500,1.0
2,500x500,1000x1000,1.0
2,500x500,920x1300,0.5
2,1000x1000,83x110,0.53125
2,1000x1000,128x128,0.96875
2,1000x1000,355x503,0.5
2,1000x1000,500x500,1.0
2,1000x1000,1000x1000,1.0
2,1000x1000,920x1300,0.5
2,920x1300,83x110,0.9375
2,920x1300,128x128,0.5
2,920x1300,355x503,1.0
2,920x1300,500x500,0.5
2,920x1300,1000x1000,0.5
2,920x1300,920x1300,1.0
3,83x110,83x110,1.0
3,83x110,128x128,0.5
3,83x110,355x503,0.90625
3,83x110,500x500,0.5
3,83x110,1000x1000,0.5
3,83x110,920x1300,0.875
3,128x128,83x110,0.5
3,128x128,128x128,1.0
3,128x128,355x503,0.46875
3,128x128,500x500,1.0
3,128x128,1000x1000,1.0
3,128x128,920x1300,0.46875
3,355x503,83x110,0.90625
3,355x503,128x128,0.46875
3,355x503,355x503,1.0
3,355x503,500x500,0.46875
3,355x503,1000x1000,0.46875
3,355x503,920x1300,0.96875
3,500x500,83x110,0.5
3,500x500,128x128,1.0
3,500x500,355x503,0.46875
3,500x500,500x500,1.0
3,500x500,1000x1000,1.0
3,500x500,920x1300,0.46875
3,1000x1000,83x110,0.5
3,1000x1000,128x128,1.0
3,1000x1000,355x503,0.46875
3,1000x1000,500x500,1.0
3,1000x1000,1000x1000,1.0
3,1000x1000,920x1300,0.46875
3,920x1300,83x110,0.875
3,920x1300,128x128,0.46875
3,920x1300,355x503,0.96875
3,920x1300,500x500,0.46875
3,920x1300,1000x1000,0.46875
3,920x1300,920x1300,1.0
4,83x110,83x110,1.0
4,83x110,128x128,0.71875
4,83x110,355x503,0.90625
4,83x110,500x500,0.71875
4,83x110,1000x1000,0.71875
4,83x110,920x1300,0.9375
4,128x128,83x110,0.71875
4,128x128,128x128,1.0
4,128x128,355x503,0.65625
4,128x128,500x500,1.0
4,128x128,1000x1000,1.0
4,128x128,920x1300,0.6875
4,355x503,83x110,0.90625
4,355x503,128x128,0.65625
4,355x503,355x503,1.0
4,355x503,500x500,0.65625
4,355x503,1000x1000,0.65625
4,355x503,920x1300,0.96875
4,500x500,83x110,0.71875
4,500x500,128x128,1.0
4,500x500,355x503,0.65625
4,500x500,500x500,1.0
4,500x500,1000x1000,1.0
4,500x500,920x1300,0.6875
4,1000x1000,83x110,0.71875
4,1000x1000,128x128,1.0
4,1000x1000,355x503,0.65625
4,1000x1000,500x500,1.0
4,1000x1000,1000x1000,1.0
4,1000x1000,920x1300,0.6875
4,920x1300,83x110,0.9375
4,920x1300,128x128,0.6875
4,920x1300,355x503,0.96875
4,920x1300,500x500,0.6875
4,920x1300,1000x1000,0.6875
4,920x1300,920x1300,1.0
5,83x110,83x110,1.0
5,83x110,128x128,0.625
5,83x110,355x503,0.90625
5,83x110,500x500,0.625
5,83x110,1000x1000,0.625
5,83x110,920x1300,0.90625
5,128x128,83x110,0.625
5,128x128,128x128,1.0
5,128x128,355x503,0.53125
5,128x128,500x500,1.0
5,128x128,1000x1000,1.0
5,128x128,920x1300,0.53125
5,355x503,83x110,0.90625
5,355x503,128x128,0.53125
5,355x503,355x503,1.0
5,355x503,500x500,0.53125
5,355x503,1000x1000,0.53125
5,355x503,920x1300,1.0
5,500x500,83x110,0.625
5,500x500,128x128,1.0
5,500x500,355x503,0.53125
5,500x500,500x500,1.0
5,500x500,1000x1000,1.0
5,500x500,920x1300,0.53125
5,1000x1000,83x110,0.625
5,1000x1000,128x128,1.0
5,1000x1000,355x503,0.53125
5,1000x1000,500x500,1.0
5,1000x1000,1000x1000,1.0
5,1000x1000,920x1300,0.53125
5,920x1300,83x110,0.90625
5,920x1300,128x128,0.53125
5,920x1300,355x503,1.0
5,920x1300,500x500,0.53125
5,920x1300,1000x1000,0.53125
5,920x1300,920x1300,1.0
6,83x110,83x110,1.0
6,83x110,128x128,0.6875
6,83x110,355x503,0.96875
6,83x110,500x500,0.6875
6,83x110,1000x1000,0.6875
6,83x110,920x1300,1.0
6,128x128,83x110,0.6875
6,128x128,128x128,1.0
6,128x128,355x503,0.6875
6,128x128,500x500,1.0
6,128x128,1000x1000,0.96875
6,128x128,920x1300,0.6875
6,355x503,83x110,0.96875
6,355x503,128x128,0.6875
6,355x503,355x503,1.0
6,355x503,500x500,0.6875
6,355x503,1000x1000,0.6875
6,355x503,920x1300,0.96875
6,500x500,83x110,0.6875
6,500x500,128x128,1.0
6,500x500,355x503,0.6875
6,500x500,500x500,1.0
6,500x500,1000x1000,0.96875
6,500x500,920x1300,0.6875
6,1000x1000,83x110,0.6875
6,1000x1000,128x128,0.96875
6,1000x1000,355x503,0.6875
6,1000x1000,500x500,0.96875
6,1000x1000,1000x1000,1.0
6,1000x1000,920x1300,0.6875
6,920x1300,83x110,1.0
6,920x1300,128x128,0.6875
6,920x1300,355x503,0.96875
6,920x1300,500x500,0.6875
6,920x1300,1000x1000,0.6875
6,920x1300,920x1300,1.0
7,83x110,83x110,1.0
7,83x110,128x128,0.8125
7,83x110,355x503,0.875
7,83x110,500x500,0.75
7,83x110,1000x1000,0.75
7,83x110,920x1300,0.90625
7,128x128,83x110,0.8125
7,128x128,128x128,1.0
7,128x128,355x503,0.71875
7,128x128,500x500,0.9375
7,128x128,1000x1000,0.9375
7,128x128,920x1300,0.75
7,355x503,83x110,0.875
7,355x503,128x128,0.71875
7,355x503,355x503,1.0
7,355x503,500x500,0.65625
7,355x503,1000x1000,0.65625
7,355x503,920x1300,0.96875
7,500x500,83x110,0.75
7,500x500,128x128,0.9375
7,500x500,355x503,0.65625
7,500x500,500x500,1.0
7,500x500,1000x1000,1.0
7,500x500,920x1300,0.6875
7,1000x1000,83x110,0.75
7,1000x1000,128x128,0.9375
7,1000x1000,355x503,0.65625
7,1000x1000,500x500,1.0
7,1000x1000,1000x1000,1.0
7,1000x1000,920x1300,0.6875
7,920x1300,83x110,0.90625
7,920x1300,128x128,0.75
7,920x1300,355x503,0.96875
7,920x1300,500x500,0.6875
7,920x1300,1000x1000,0.6875
7,920x1300,920x1300,1.0
8,83x110,83x110,1.0
8,83x110,128x128,0.53125
8,83x110,355x503,0.9375
8,83x110,500x500,0.53125
8,83x110,1000x1000,0.5625
8,83x110,920x1300,0.9375
8,128x128,83x110,0.53125
8,128x128,128x128,1.0
8,128x128,355x503,0.46875
8,128x128,500x500,0.96875
8,128x128,1000x1000,0.96875
8,128x128,920x1300,0.5
8,355x503,83x110,0.9375
8,355x503,128x128,0.46875
8,355x503,355x503,1.0
8,355x503,500x500,0.46875
8,355x503,1000x1000,0.5
8,355x503,920x1300,0.96875
8,500x500,83x110,0.53125
8,500x500,128x128,0.96875
8,500x500,355x503,0.46875
8,500x500,500x500,1.0
8,500x500,1000x1000,0.96875
8,500x500,920x1300,0.5
8,1000x1000,83x110,0.5625
8,1000x1000,128x128,0.96875
8,1000x1000,355x503,0.5
8,1000x1000,500x500,0.96875
8,1000x1000,1000x1000,1.0
8,1000x1000,920x1300,0.53125
8,920x1300,83x110,0.9375
8,920x1300,128x128,0.5
8,920x1300,355x503,0.96875
8,920x1300,500x500,0.5
8,920x1300,1000x1000,0.53125
8,920x1300,920x1300,1.0
9,83x110,83x110,1.0
9,83x110,128x128,0.625
9,83x110,355x503,0.90625
9,83x110,500x500,0.65625
9,83x110,1000x1000,0.625
9,83x110,920x1300,0.9375
9,128x128,83x110,0.625
9,128x128,128x128,1.0
9,128x128,355x503,0.59375
9,128x128,500x500,0.96875
9,128x128,1000x1000,0.96875
9,128x128,920x1300,0.59375
9,355x503,83x110,0.90625
9,355x503,128x128,0.59375
9,355x503,355x503,1.0
9,355x503,500x500,0.625
9,355x503,1000x1000,0.59375
9,355x503,920x1300,0.96875
9,500x500,83x110,0.65625
9,500x500,128x128,0.96875
9,500x500,355x503,0.625
9,500x500,500x500,1.0
9,500x500,1000x1000,0.96875
9,500x500,920x1300,0.625
9,1000x1000,83x110,0.625
9,1000x1000,128x128,0.96875
9,1000x1000,355x503,0.59375
9,1000x1000,500x500,0.96875
9,1000x1000,1000x1000,1.0
9,1000x1000,920x1300,0.59375
9,920x1300,83x110,0.9375
9,920x1300,128x128,0.59375
9,920x1300,355x503,0.96875
9,920x1300,500x500,0.625
9,920x1300,1000x1000,0.59375
9,920x1300,920x1300,1.0
10,83x110,83x110,1.0
10,83x110,128x128,0.59375
10,83x110,355x503,0.9375
10,83x110,500x500,0.625
10,83x110,1000x1000,0.59375
10,83x110,920x1300,0.96875
10,128x128,83x110,0.59375
10,128x128,128x128,1.0
10,128x128,355x503,0.625
10,128x128,500x500,0.9375
10,128x128,1000x1000,0.96875
10,128x128,920x1300,0.59375
10,355x503,83x110,0.9375
10,355x503,128x128,0.625
10,355x503,355x503,1.0
10,355x503,500x500,0.65625
10,355x503,1000x1000,0.625
10,355x503,920x1300,0.96875
10,500x500,83x110,0.625
10,500x500,128x128,0.9375
10,500x500,355x503,0.65625
10,500x500,500x500,1.0
10,500x500,1000x1000,0.96875
10,500x500,920x1300,0.625
10,1000x1000,83x110,0.59375
10,1000x1000,128x128,0.96875
10,1000x1000,355x503,0.625
10,1000x1000,500x500,0.96875
10,1000x1000,1000x1000,1.0
10,1000x1000,920x1300,0.59375
10,920x1300,83x110,0.96875
10,920x1300,128x128,0.59375
10,920x1300,355x503,0.96875
10,920x1300,500x500,0.625
10,920x1300,1000x1000,0.59375
10,920x1300,920x1300,1.0
11,83x110,83x110,1.0
11,83x110,128x128,0.5625
11,83x110,355x503,0.84375
11,83x110,500x500,0.59375
11,83x110,1000x1000,0.625
11,83x110,920x1300,0.84375
11,128x128,83x110,0.5625
11,128x128,128x128,1.0
11,128x128,355x503,0.5
11,128x128,500x500,0.96875
11,128x128,1000x1000,0.9375
11,128x128,920x1300,0.5
11,355x503,83x110,0.84375
11,355x503,128x128,0.5
11,355x503,355x503,1.0
11,355x503,500x500,0.53125
11,355x503,1000x1000,0.53125
11,355x503,920x1300,1.0
11,500x500,83x110,0.59375
11,500x500,128x128,0.96875
11,500x500,355x503,0.53125
11,500x500,500x500,1.0
11,500x500,1000x1000,0.96875
11,500x500,920x1300,0.53125
11,1000x1000,83x110,0.625
11,1000x1000,128x128,0.9375
11,1000x1000,355x503,0.53125
11,1000x1000,500x500,0.96875
11,1000x1000,1000x1000,1.0
11,1000x1000,920x1300,0.53125
11,920x1300,83x110,0.84375
11,920x1300,128x128,0.5
11,920x1300,355x503,1.0
11,920x1300,500x500,0.53125
11,920x1300,1000x1000,0.53125
11,920x1300,920x1300,1.0
12,83x110,83x110,1.0
12,83x110,128x128,0.5
12,83x110,355x503,0.90625
12,83x110,500x500,0.5
12,83x110,1000x1000,0.5
12,83x110,920x1300,0.90625
12,128x128,83x110,0.5
12,128x128,128x128,1.0
12,128x128,355x503,0.46875
12,128x128,500x500,1.0
12,128x128,1000x1000,1.0
12,128x128,920x1300,0.46875
12,355x503,83x110,0.90625
12,355x503,128x128,0.46875
12,355x503,355x503,1.0
12,355x503,500x500,0.46875
12,355x503,1000x1000,0.46875
12,355x503,920x1300,1.0
12,500x500,83x110,0.5
12,500x500,128x128,1.0
12,500x500,355x503,0.46875
12,500x500,500x500,1.0
12,500x500,1000x1000,1.0
12,500x500,920x1300,0.46875
12,1000x1000,83x110,0.5
12,1000x1000,128x128,1.0
12,1000x1000,355x503,0.46875
12,1000x1000,500x500,1.0
12,1000x1000,1000x1000,1.0
12,1000x1000,920x1300,0.46875
12,920x1300,83x110,0.90625
12,920x1300,128x128,0.46875
12,920x1300,355x503,1.0
12,920x1300,500x500,0.46875
12,920x1300,1000x1000,0.46875
12,920x1300,920x1300,1.0
13,83x110,83x110,1.0
13,83x110,128x128,0.75
13,83x110,355x503,0.78125
13,83x110,500x500,0.75
13,83x110,1000x1000,0.75
13,83x110,920x1300,0.78125
13,128x128,83x110,0.75
13,128x128,128x128,1.0
13,128x128,355x503,0.75
13,128x128,500x500,0.96875
13,128x128,1000x1000,0.96875
13,128x128,920x1300,0.75
13,355x503,83x110,0.78125
13,355x503,128x128,0.75
13,355x503,355x503,1.0
13,355x503,500x500,0.75
13,355x503,1000x1000,0.75
13,355x503,920x1300,1.0
13,500x500,83x110,0.75
13,500x500,128x128,0.96875
13,500x500,355x503,0.75
13,500x500,500x500,1.0
13,500x500,1000x1000,1.0
13,500x500,920x1300,0.75
13,1000x1000,83x110,0.75
13,1000x1000,128x128,0.96875
13,1000x1000,355x503,0.75
13,1000x1000,500x500,1.0
13,1000x1000,1000x1000,1.0
13,1000x1000,920x1300,0.75
13,920x1300,83x110,0.78125
13,920x1300,128x128,0.75
13,920x1300,355x503,1.0
13,920x1300,500x500,0.75
13,920x1300,1000x1000,0.75
13,920x1300,920x1300,1.0
14,83x110,83x110,1.0
14,83x110,128x128,0.71875
14,83x110,355x503,0.8125
14,83x110,500x500,0.6875
14,83x110,1000x1000,0.6875
14,83x110,920x1300,0.84375
14,128x128,83x110,0.71875
14,128x128,128x128,1.0
14,128x128,355x503,0.65625
14,128x128,500x500,0.96875
14,128x128,1000x1000,0.96875
14,128x128,920x1300,0.65625
14,355x503,83x110,0.8125
14,355x503,128x128,0.65625
14,355x503,355x503,1.0
14,355x503,500x500,0.6875
14,355x503,1000x1000,0.6875
14,355x503,920x1300,0.96875
14,500x500,83x110,0.6875
14,500x500,128x128,0.96875
14,500x500,355x503,0.6875
14,500x500,500x500,1.0
14,500x500,1000x1000,1.0
14,500x500,920x1300,0.6875
14,1000x1000,83x110,0.6875
14,1000x1000,128x128,0.96875
14,1000x1000,355x503,0.6875
14,1000x1000,500x500,1.0
14,1000x1000,1000x1000,1.0
14,1000x1000,920x1300,0.6875
14,920x1300,83x110,0.84375
14,920x1300,128x128,0.65625
14,920x1300,355x503,0.96875
14,920x1300,500x500,0.6875
14,920x1300,1000x1000,0.6875
14,920x1300,920x1300,1.0
15,83x110,83x110,1.0
15,83x110,128x128,0.75
15,83x110,355x503,0.875
15,83x110,500x500,0.75
15,83x110,1000x1000,0.71875
15,83x110,920x1300,0.875
15,128x128,83x110,0.75
15,128x128,128x128,1.0
15,128x128,355x503,0.65625
15,128x128,500x500,1.0
15,128x128,1000x1000,0.96875
15,128x128,920x1300,0.6875
15,355x503,83x110,0.875
15,355x503,128x128,0.65625
15,355x503,355x503,1.0
15,355x503,500x500,0.65625
15,355x503,1000x1000,0.625
15,355x503,920x1300,0.96875
15,500x500,83x110,0.75
15,500x500,128x128,1.0
15,500x500,355x503,0.65625
15,500x500,500x500,1.0
15,500x500,1000x1000,0.96875
15,500x500,920x1300,0.6875
15,1000x1000,83x110,0.71875
15,1000x1000,128x128,0.96875
15,1000x1000,355x503,0.625
15,1000x1000,500x500,0.96875
15,1000x1000,1000x1000,1.0
15,1000x1000,920x1300,0.65625
15,920x1300,83x110,0.875
15,920x1300,128x128,0.6875
15,920x1300,355x503,0.96875
15,920x1300,500x500,0.6875
15,920x1300,1000x1000,0.65625
15,920x1300,920x1300,1.0
16,83x110,83x110,1.0
16,83x110,128x128,0.75
16,83x110,355x503,0.90625
16,83x110,500x500,0.78125
16,83x110,1000x1000,0.75
16,83x110,920x1300,0.875
16,128x128,83x110,0.75
16,128x128,128x128,1.0
16,128x128,355x503,0.6875
16,128x128,500x500,0.96875
16,128x128,1000x1000,0.9375
16,128x128,920x1300,0.65625
16,355x503,83x110,0.90625
16,355x503,128x128,0.6875
16,355x503,355x503,1.0
16,355x503,500x500,0.71875
16,355x503,1000x1000,0.6875
16,355x503,920x1300,0.96875
16,500x500,83x110,0.78125
16,500x500,128x128,0.96875
16,500x500,355x503,0.71875
16,500x500,500x500,1.0
16,500x500,1000x1000,0.96875
16,500x500,920x1300,0.6875
16,1000x1000,83x110,0.75
16,1000x1000,128x128,0.9375
16,1000x1000,355x503,0.6875
16,1000x1000,500x500,0.96875
16,1000x1000,1000x1000,1.0
16,1000x1000,920x1300,0.65625
16,920x1300,83x110,0.875
16,920x1300,128x128,0.65625
16,920x1300,355x503,0.96875
16,920x1300,500x500,0.6875
16,920x1300,1000x1000,0.65625
16,920x1300,920x1300,1.0
17,83x110,83x110,1.0
17,83x110,128x128,0.5625
17,83x110,355x503,0.90625
17,83x110,500x500,0.5625
17,83x110,1000x1000,0.5625
17,83x110,920x1300,0.90625
17,128x128,83x110,0.5625
17,128x128,128x128,1.0
17,128x128,355x503,0.53125
17,128x128,500x500,1.0
17,128x128,1000x1000,0.96875
17,128x128,920x1300,0.5
17,355x503,83x110,0.90625
17,355x503,128x128,0.53125
17,355x503,355x503,1.0
17,355x503,500x500,0.53125
17,355x503,1000x1000,0.53125
17,355x503,920x1300,0.96875
17,500x500,83x110,0.5625
17,500x500,128x128,1.0
17,500x500,355x503,0.53125
17,500x500,500x500,1.0
17,500x500,1000x1000,0.96875
17,500x500,920x1300,0.5
17,1000x1000,83x110,0.5625
17,1000x1000,128x128,0.96875
17,1000x1000,355x503,0.53125
17,1000x1000,500x500,0.96875
17,1000x1000,1000x1000,1.0
17,1000x1000,920x1300,0.5
17,920x1300,83x110,0.90625
17,920x1300,128x128,0.5
17,920x1300,355x503,0.96875
17,920x1300,500x500,0.5
17,920x1300,1000x1000,0.5
17,920x1300,920x1300,1.0
18,83x110,83x110,1.0
18,83x110,128x128,0.65625
18,83x110,355x503,1.0
18,83x110,500x500,0.65625
18,83x110,1000x1000,0.65625
18,83x110,920x1300,1.0
18,128x128,83x110,0.65625
18,128x128,128x128,1.0
18,128x128,355x503,0.65625
18,128x128,500x500,1.0
18,128x128,1000x1000,1.0
18,128x128,920x1300,0.65625
18,355x503,83x110,1.0
18,355x503,128x128,0.65625
18,355x503,355x503,1.0
18,355x503,500x500,0.65625
18,355x503,1000x1000,0.65625
18,355x503,920x1300,1.0
18,500x500,83x110,0.65625
18,500x500,128x128,1.0
18,500x500,355x503,0.65625
18,500x500,500x500,1.0
18,500x500,1000x1000,1.0
18,500x500,920x1300,0.65625
18,1000x1000,83x110,0.65625
18,1000x1000,128x128,1.0
18,1000x1000,355x503,0.65625
18,1000x1000,500x500,1.0
18,1000x1000,1000x1000,1.0
18,1000x1000,920x1300,0.65625
18,920x1300,83x110,1.0
18,920x1300,128x128,0.65625
18,920x1300,355x503,1.0
18,920x1300,500x500,0.65625
18,920x1300,1000x1000,0.65625
18,920x1300,920x1300,1.0
19,83x110,83x110,1.0
19,83x110,128x128,0.71875
19,83x110,355x503,0.96875
19,83x110,500x500,0.71875
19,83x110,1000x1000,0.71875
19,83x110,920x1300,0.96875
19,128x128,83x110,0.71875
19,128x128,128x128,1.0
19,128x128,355x503,0.6875
19,128x128,500x500,0.96875
19,128x128,1000x1000,0.96875
19,128x128,920x1300,0.6875
19,355x503,83x110,0.96875
19,355x503,128x128,0.6875
19,355x503,355x503,1.0
19,355x503,500x500,0.6875
19,355x503,1000x1000,0.6875
19,355x503,920x1300,1.0
19,500x500,83x110,0.71875
19,500x500,128x128,0.96875
19,500x500,355x503,0.6875
19,500x500,500x500,1.0
19,500x500,1000x1000,0.96875
19,500x500,920x1300,0.6875
19,1000x1000,83x110,0.71875
19,1000x1000,128x128,0.96875
19,1000x1000,355x503,0.6875
19,1000x1000,500x500,0.96875
19,1000x1000,1000x1000,1.0
19,1000x1000,920x1300,0.6875
19,920x1300,83x110,0.96875
19,920x1300,128x128,0.6875
19,920x1300,355x503,1.0
19,920x1300,500x500,0.6875
19,920x1300,1000x1000,0.6875
19,920x1300,920x1300,1.0
20,83x110,83x110,1.0
20,83x110,128x128,0.71875
20,83x110,355x503,0.875
20,83x110,500x500,0.75
20,83x110,1000x1000,0.75
20,83x110,920x1300,0.875
20,128x128,83x110,0.71875
20,128x128,128x128,1.0
20,128x128,355x503,0.625
20,128x128,500x500,0.96875
20,128x128,1000x1000,0.96875
20,128x128,920x1300,0.625
20,355x503,83x110,0.875
20,355x503,128x128,0.625
20,355x503,355x503,1.0
20,355x503,500x500,0.65625
20,355x503,1000x1000,0.65625
20,355x503,920x1300,0.96875
20,500x500,83x110,0.75
20,500x500,128x128,0.96875
20,500x500,355x503,0.65625
20,500x500,500x500,1.0
20,500x500,1000x1000,1.0
20,500x500,920x1300,0.65625
20,1000x1000,83x110,0.75
20,1000x1000,128x128,0.96875
20,1000x1000,355x503,0.65625
20,1000x1000,500x500,1.0
20,1000x1000,1000x1000,1.0
20,1000x1000,920x1300,0.65625
20,920x1300,83x110,0.875
20,920x1300,128x128,0.625
20,920x1300,355x503,0.96875
20,920x1300,500x500,0.65625
20,920x1300,1000x1000,0.65625
20,920x1300,920x1300,1.0
21,83x110,83x110,1.0
21,83x110,128x128,0.5625
21,83x110,355x503,0.9375
21,83x110,500x500,0.5625
21,83x110,1000x1000,0.5625
21,83x110,920x1300,0.9375
21,128x128,83x110,0.5625
21,128x128,128x128,1.0
21,128x128,355x503,0.53125
21,128x128,500x500,0.96875
21,128x128,1000x1000,0.96875
21,128x128,920x1300,0.53125
21,355x503,83x110,0.9375
21,355x503,128x128,0.53125
21,355x503,355x503,1.0
21,355x503,500x500,0.53125
21,355x503,1000x1000,0.53125
21,355x503,920x1300,1.0
21,500x500,83x110,0.5625
21,500x500,128x128,0.96875
21,500x500,355x503,0.53125
21,500x500,500x500,1.0
21,500x500,1000x1000,1.0
21,500x500,920x1300,0.53125
21,1000x1000,83x110,0.5625
21,1000x1000,128x128,0.96875
21,1000x1000,355x503,0.53125
21,1000x1000,500x500,1.0
21,1000x1000,1000x1000,1.0
21,1000x1000,920x1300,0.53125
21,920x1300,83x110,0.9375
21,920x1300,128x128,0.53125
21,920x1300,355x503,1.0
21,920x1300,500x500,0.53125
21,920x1300,1000x1000,0.53125
21,920x1300,920x1300,1.0
22,83x110,83x110,1.0
22,83x110,128x128,0.625
22,83x110,355x503,0.90625
22,83x110,500x500,0.65625
22,83x110,1000x1000,0.65625
22,83x110,920x1300,0.9375
22,128x128,83x110,0.625
22,128x128,128x128,1.0
22,128x128,355x503,0.65625
22,128x128,500x500,0.96875
22,128x128,1000x1000,0.96875
22,128x128,920x1300,0.65625
22,355x503,83x110,0.90625
22,355x503,128x128,0.65625
22,355x503,355x503,1.0
22,355x503,500x500,0.6875
22,355x503,1000x1000,0.6875
22,355x503,920x1300,0.96875
22,500x500,83x110,0.65625
22,500x500,128x128,0.96875
22,500x500,355x503,0.6875
22,500x500,500x500,1.0
22,500x500,1000x1000,1.0
22,500x500,920x1300,0.6875
22,1000x1000,83x110,0.65625
22,1000x1000,128x128,0.96875
22,1000x1000,355x503,0.6875
22,1000x1000,500x500,1.0
22,1000x1000,1000x1000,1.0
22,1000x1000,920x1300,0.6875
22,920x1300,83x110,0.9375
22,920x1300,128x128,0.65625
22,920x1300,355x503,0.96875
22,920x1300,500x500,0.6875
22,920x1300,1000x1000,0.6875
22,920x1300,920x1300,1.0
23,83x110,83x110,1.0
23,83x110,128x128,0.65625
23,83x110,355x503,0.84375
23,83x110,500x500,0.65625
23,83x110,1000x1000,0.6875
23,83x110,920x1300,0.875
23,128x128,83x110,0.65625
23,128x128,128x128,1.0
23,128x128,355x503,0.625
23,128x128,500x500,1.0
23,128x128,1000x1000,0.96875
23,128x128,920x1300,0.65625
23,355x503,83x110,0.84375
23,355x503,128x128,0.625
23,355x503,355x503,1.0
23,355x503,500x500,0.625
23,355x503,1000x1000,0.625
23,355x503,920x1300,0.96875
23,500x500,83x110,0.65625
23,500x500,128x128,1.0
23,500x500,355x503,0.625
23,500x500,500x500,1.0
23,500x500,1000x1000,0.96875
23,500x500,920x1300,0.65625
23,1000x1000,83x110,0.6875
23,1000x1000,128x128,0.96875
23,1000x1000,355x503,0.625
23,1000x1000,500x500,0.96875
23,1000x1000,1000x1000,1.0
23,1000x1000,920x1300,0.65625
23,920x1300,83x110,0.875
23,920x1300,128x128,0.65625
23,920x1300,355x503,0.96875
23,920x1300,500x500,0.65625
23,920x1300,1000x1000,0.65625
23,920x1300,920x1300,1.0
24,83x110,83x110,1.0
24,83x110,128x128,0.5625
24,83x110,355x503,0.96875
24,83x110,500x500,0.5625
24,83x110,1000x1000,0.5625
24,83x110,920x1300,0.96875
24,128x128,83x110,0.5625
24,128x128,128x128,1.0
24,128x128,355x503,0.59375
24,128x128,500x500,1.0
24,128x128,1000x1000,1.0
24,128x128,920x1300,0.5625
24,355x503,83x110,0.96875
24,355x503,128x128,0.59375
24,355x503,355x503,1.0
24,355x503,500x500,0.59375
24,355x503,1000x1000,0.59375
24,355x503,920x1300,0.96875
24,500x500,83x110,0.5625
24,500x500,128x128,1.0
24,500x500,355x503,0.59375
24,500x500,500x500,1.0
24,500x500,1000x1000,1.0
24,500x500,920x1300,0.5625
24,1000x1000,83x110,0.5625
24,1000x1000,128x128,1.0
24,1000x1000,355x503,0.59375
24,1000x1000,500x500,1.0
24,1000x1000,1000x1000,1.0
24,1000x1000,920x1300,0.5625
24,920x1300,83x110,0.96875
24,920x1300,128x128,0.5625
24,920x1300,355x503,0.96875
24,920x1300,500x500,0.5625
24,920x1300,1000x1000,0.5625
24,920x1300,920x1300,1.0
25,83x110,83x110,1.0
25,83x110,128x128,0.5
25,83x110,355x503,0.90625
25,83x110,500x500,0.53125
25,83x110,1000x1000,0.53125
25,83x110,920x1300,0.90625
25,128x128,83x110,0.5
25,128x128,128x128,1.0
25,128x128,355x503,0.46875
25,128x128,500x500,0.96875
25,128x128,1000x1000,0.96875
25,128x128,920x1300,0.46875
25,355x503,83x110,0.90625
25,355x503,128x128,0.46875
25,355x503,355x503,1.0
25,355x503,500x500,0.46875
25,355x503,1000x1000,0.46875
25,355x503,920x1300,1.0
25,500x500,83x110,0.53125
25,500x500,128x128,0.96875
25,500x500,355x503,0.46875
25,500x500,500x500,1.0
25,500x500,1000x1000,1.0
25,500x500,920x1300,0.46875
25,1000x1000,83x110,0.53125
25,1000x1000,128x128,0.96875
25,1000x1000,355x503,0.46875
25,1000x1000,500x500,1.0
25,1000x1000,1000x1000,1.0
25,1000x1000,920x1300,0.46875
25,920x1300,83x110,0.90625
25,920x1300,128x128,0.46875
25,920x1300,355x503,1.0
25,920x1300,500x500,0.46875
25,920x1300,1000x1000,0.46875
25,920x1300,920x1300,1.0
26,83x110,83x110,1.0
26,83x110,128x128,0.5625
26,83x110,355x503,0.90625
26,83x110,500x500,0.59375
26,83x110,1000x1000,0.5625
26,83x110,920x1300,0.90625
26,128x128,83x110,0.5625
26,128x128,128x128,1.0
26,128x128,355x503,0.53125
26,128x128,500x500,0.96875
26,128x128,1000x1000,1.0
26,128x128,920x1300,0.53125
26,355x503,83x110,0.90625
26,355x503,128x128,0.53125
26,355x503,355x503,1.0
26,355x503,500x500,0.5625
26,355x503,1000x1000,0.53125
26,355x503,920x1300,1.0
26,500x500,83x110,0.59375
26,500x500,128x128,0.96875
26,500x500,355x503,0.5625
26,500x500,500x500,1.0
26,500x500,1000x1000,0.96875
26,500x500,920x1300,0.5625
26,1000x1000,83x110,0.5625
26,1000x1000,128x128,1.0
26,1000x1000,355x503,0.53125
26,1000x1000,500x500,0.96875
26,1000x1000,1000x1000,1.0
26,1000x1000,920x1300,0.53125
26,920x1300,83x110,0.90625
26,920x1300,128x128,0.53125
26,920x1300,355x503,1.0
26,920x1300,500x500,0.5625
26,920x1300,1000x1000,0.53125
26,920x1300,920x1300,1.0
27,83x110,83x110,1.0
27,83x110,128x128,0.59375
27,83x110,355x503,0.875
27,83x110,500x500,0.625
27,83x110,1000x1000,0.59375
27,83x110,920x1300,0.875
27,128x128,83x110,0.59375
27,128x128,128x128,1.0
27,128x128,355x503,0.5625
27,128x128,500x500,0.9375
27,128x128,1000x1000,0.96875
27,128x128,920x1300,0.5625
27,355x503,83x110,0.875
27,355x503,128x128,0.5625
27,355x503,355x503,1.0
27,355x503,500x500,0.5625
27,355x503,1000x1000,0.53125
27,355x503,920x1300,1.0
27,500x500,83x110,0.625
27,500x500,128x128,0.9375
27,500x500,355x503,0.5625
27,500x500,500x500,1.0
27,500x500,1000x1000,0.96875
27,500x500,920x1300,0.5625
27,1000x1000,83x110,0.59375
27,1000x1000,128x128,0.96875
27,1000x1000,355x503,0.53125
27,1000x1000,500x500,0.96875
27,1000x1000,1000x1000,1.0
27,1000x1000,920x1300,0.53125
27,920x1300,83x110,0.875
27,920x1300,128x128,0.5625
27,920x1300,355x503,1.0
27,920x1300,500x500,0.5625
27,920x1300,1000x1000,0.53125
27,920x1300,920x1300,1.0
28,83x110,83x110,1.0
28,83x110,128x128,0.53125
28,83x110,355x503,0.84375
28,83x110,500x500,0.53125
28,83x110,1000x1000,0.5
28,83x110,920x1300,0.84375
28,128x128,83x110,0.53125
28,128x128,128x128,1.0
28,128x128,355x503,0.4375
28,128x128,500x500,0.96875
28,128x128,1000x1000,0.9375
28,128x128,920x1300,0.4375
28,355x503,83x110,0.84375
28,355x503,128x128,0.4375
28,355x503,355x503,1.0
28,355x503,500x500,0.46875
28,355x503,1000x1000,0.4375
28,355x503,920x1300,0.96875
28,500x500,83x110,0.53125
28,500x500,128x128,0.96875
28,500x500,355x503,0.46875
28,500x500,500x500,1.0
28,500x500,1000x1000,0.96875
28,500x500,920x1300,0.46875
28,1000x1000,83x110,0.5
28,1000x1000,128x128,0.9375
28,1000x1000,355x503,0.4375
28,1000x1000,500x500,0.96875
28,1000x1000,1000x1000,1.0
28,1000x1000,920x1300,0.4375
28,920x1300,83x110,0.84375
28,920x1300,128x128,0.4375
28,920x1300,355x503,0.96875
28,920x1300,500x500,0.46875
28,920x1300,1000x1000,0.4375
28,920x1300,920x1300,1.0
29,83x110,83x110,1.0
29,83x110,128x128,0.53125
29,83x110,355x503,0.875
29,83x110,500x500,0.53125
29,83x110,1000x1000,0.53125
29,83x110,920x1300,0.90625
29,128x128,83x110,0.53125
29,128x128,128x128,1.0
29,128x128,355x503,0.46875
29,128x128,500x500,0.96875
29,128x128,1000x1000,0.96875
29,128x128,920x1300,0.5
29,355x503,83x110,0.875
29,355x503,128x128,0.46875
29,355x503,355x503,1.0
29,355x503,500x500,0.46875
29,355x503,1000x1000,0.46875
29,355x503,920x1300,0.96875
29,500x500,83x110,0.53125
29,500x500,128x128,0.96875
29,500x500,355x503,0.46875
29,500x500,500x500,1.0
29,500x500,1000x1000,0.96875
29,500x500,920x1300,0.5
29,1000x1000,83x110,0.53125
29,1000x1000,128x128,0.96875
29,1000x1000,355x503,0.46875
29,1000x1000,500x500,0.96875
29,1000x1000,1000x1000,1.0
29,1000x1000,920x1300,0.5
29,920x1300,83x110,0.90625
29,920x1300,128x128,0.5
29,920x1300,355x503,0.96875
29,920x1300,500x500,0.5
29,920x1300,1000x1000,0.5
29,920x1300,920x1300,1.0
30,83x110,83x110,1.0
30,83x110,128x128,0.71875
30,83x110,355x503,0.90625
30,83x110,500x500,0.71875
30,83x110,1000x1000,0.71875
30,83x110,920x1300,0.90625
30,128x128,83x110,0.71875
30,128x128,128x128,1.0
30,128x128,355x503,0.71875
30,128x128,500x500,1.0
30,128x128,1000x1000,1.0
30,128x128,920x1300,0.71875
30,355x503,83x110,0.90625
30,355x503,128x128,0.71875
30,355x503,355x503,1.0
30,355x503,500x500,0.71875
30,355x503,1000x1000,0.71875
30,355x503,920x1300,1.0
30,500x500,83x110,0.71875
30,500x500,128x128,1.0
30,500x500,355x503,0.71875
30,500x500,500x500,1.0
30,500x500,1000x1000,1.0
30,500x500,920x1300,0.71875
30,1000x1000,83x110,0.71875
30,1000x1000,128x128,1.0
30,1000x1000,355x503,0.71875
30,1000x1000,500x500,1.0
30,1000x1000,1000x1000,1.0
30,1000x1000,920x1300,0.71875
30,920x1300,83x110,0.90625
30,920x1300,128x128,0.71875
30,920x1300,355x503,1.0
30,920x1300,500x500,0.71875
30,920x1300,1000x1000,0.71875
30,920x1300,920x1300,1.0
31,83x110,83x110,1.0
31,83x110,128x128,0.65625
31,83x110,355x503,0.96875
31,83x110,500x500,0.65625
31,83x110,1000x1000,0.65625
31,83x110,920x1300,0.96875
31,128x128,83x110,0.65625
31,128x128,128x128,1.0
31,128x128,355x503,0.625
31,128x128,500x500,1.0
31,128x128,1000x1000,1.0
31,128x128,920x1300,0.625
31,355x503,83x110,0.96875
31,355x503,128x128,0.625
31,355x503,355x503,1.0
31,355x503,500x500,0.625
31,355x503,1000x1000,0.625
31,355x503,920x1300,1.0
31,500x500,83x110,0.65625
31,500x500,128x128,1.0
31,500x500,355x503,0.625
31,500x500,500x500,1.0
31,500x500,1000x1000,1.0
31,500x500,920x1300,0.625
31,1000x1000,83x110,0.65625
31,1000x1000,128x128,1.0
31,1000x1000,355x503,0.625
31,1000x1000,500x500,1.0
31,1000x1000,1000x1000,1.0
31,1000x1000,920x1300,0.625
31,920x1300,83x110,0.96875
31,920x1300,128x128,0.625
31,920x1300,355x503,1.0
31,920x1300,500x500,0.625
31,920x1300,1000x1000,0.625
31,920x1300,920x1300,1.0
32,83x110,83x110,1.0
32,83x110,128x128,0.65625
32,83x110,355x503,0.90625
32,83x110,500x500,0.6875
32,83x110,1000x1000,0.6875
32,83x110,920x1300,0.90625
32,128x128,83x110,0.65625
32,128x128,128x128,1.0
32,128x128,355x503,0.59375
32,128x128,500x500,0.96875
32,128x128,1000x1000,0.96875
32,128x128,920x1300,0.59375
32,355x503,83x110,0.90625
32,355x503,128x128,0.59375
32,355x503,355x503,1.0
32,355x503,500x500,0.625
32,355x503,1000x1000,0.625
32,355x503,920x1300,0.96875
32,500x500,83x110,0.6875
32,500x500,128x128,0.96875
32,500x500,355x503,0.625
32,500x500,500x500,1.0
32,500x500,1000x1000,1.0
32,500x500,920x1300,0.625
32,1000x1000,83x110,0.6875
32,1000x1000,128x128,0.96875
32,1000x1000,355x503,0.625
32,1000x1000,500x500,1.0
32,1000x1000,1000x1000,1.0
32,1000x1000,920x1300,0.625
32,920x1300,83x110,0.90625
32,920x1300,128x128,0.59375
32,920x1300,355x503,0.96875
32,920x1300,500x500,0.625
32,920x1300,1000x1000,0.625
32,920x1300,920x1300,1.0
33,83x110,83x110,1.0
33,83x110,128x128,0.71875
33,83x110,355x503,0.90625
33,83x110,500x500,0.71875
33,83x110,1000x1000,0.71875
33,83x110,920x1300,0.90625
33,128x128,83x110,0.71875
33,128x128,128x128,1.0
33,128x128,355x503,0.625
33,128x128,500x500,0.96875
33,128x128,1000x1000,0.96875
33,128x128,920x1300,0.625
33,355x503,83x110,0.90625
33,355x503,128x128,0.625
33,355x503,355x503,1.0
33,355x503,500x500,0.65625
33,355x503,1000x1000,0.65625
33,355x503,920x1300,1.0
33,500x500,83x110,0.71875
33,500x500,128x128,0.96875
33,500x500,355x503,0.65625
33,500x500,500x500,1.0
33,500x500,1000x1000,1.0
33,500x500,920x1300,0.65625
33,1000x1000,83x110,0.71875
33,1000x1000,128x128,0.96875
33,1000x1000,355x503,0.65625
33,1000x1000,500x500,1.0
33,1000x1000,1000x1000,1.0
33,1000x1000,920x1300,0.65625
33,920x1300,83x110,0.90625
33,920x1300,128x128,0.625
33,920x1300,355x503,1.0
33,920x1300,500x500,0.65625
33,920x1300,1000x1000,0.65625
33,920x1300,920x1300,1.0
34,83x110,83x110,1.0
34,83x110,128x128,0.65625
34,83x110,355x503,0.78125
34,83x110,500x500,0.65625
34,83x110,1000x1000,0.65625
34,83x110,920x1300,0.8125
34,128x128,83x110,0.65625
34,128x128,128x128,1.0
34,128x128,355x503,0.53125
34,128x128,500x500,1.0
34,128x128,1000x1000,1.0
34,128x128,920x1300,0.5625
34,355x503,83x110,0.78125
34,355x503,128x128,0.53125
34,355x503,355x503,1.0
34,355x503,500x500,0.53125
34,355x503,1000x1000,0.53125
34,355x503,920x1300,0.96875
34,500x500,83x110,0.65625
34,500x500,128x128,1.0
34,500x500,355x503,0.53125
34,500x500,500x500,1.0
34,500x500,1000x1000,1.0
34,500x500,920x1300,0.5625
34,1000x1000,83x110,0.65625
34,1000x1000,128x128,1.0
34,1000x1000,355x503,0.53125
34,1000x1000,500x500,1.0
34,1000x1000,1000x1000,1.0
34,1000x1000,920x1300,0.5625
34,920x1300,83x110,0.8125
34,920x1300,128x128,0.5625
34,920x1300,355x503,0.96875
34,920x1300,500x500,0.5625
34,920x1300,1000x1000,0.5625
34,920x1300,920x1300,1.0
35,83x110,83x110,1.0
35,83x110,128x128,0.65625
35,83x110,355x503,0.84375
35,83x110,500x500,0.65625
35,83x110,1000x1000,0.65625
35,83x110,920x1300,0.84375
35,128x128,83x110,0.65625
35,128x128,128x128,1.0
35,128x128,355x503,0.625
35,128x128,500x500,1.0
35,128x128,1000x1000,1.0
35,128x128,920x1300,0.625
35,355x503,83x110,0.84375
35,355x503,128x128,0.625
35,355x503,355x503,1.0
35,355x503,500x500,0.625
35,355x503,1000x1000,0.625
35,355x503,920x1300,0.96875
35,500x500,83x110,0.65625
35,500x500,128x128,1.0
35,500x500,355x503,0.625
35,500x500,500x500,1.0
35,500x500,1000x1000,1.0
35,500x500,920x1300,0.625
35,1000x1000,83x110,0.65625
35,1000x1000,128x128,1.0
35,1000x1000,355x503,0.625
35,1000x1000,500x500,1.0
35,1000x1000,1000x1000,1.0
35,1000x1000,920x1300,0.625
35,920x1300,83x110,0.84375
35,920x1300,128x128,0.625
35,920x1300,355x503,0.96875
35,920x1300,500x500,0.625
35,920x1300,1000x1000,0.625
35,920x1300,920x1300,1.0
36,83x110,83x110,1.0
36,83x110,128x128,0.6875
36,83x110,355x503,0.90625
36,83x110,500x500,0.6875
36,83x110,1000x1000,0.6875
36,83x110,920x1300,0.9375
36,128x128,83x110,0.6875
36,128x128,128x128,1.0
36,128x128,355x503,0.625
36,128x128,500x500,0.9375
36,128x128,1000x1000,0.96875
36,128x128,920x1300,0.625
36,355x503,83x110,0.90625
36,355x503,128x128,0.625
36,355x503,355x503,1.0
36,355x503,500x500,0.625
36,355x503,1000x1000,0.625
36,355x503,920x1300,0.96875
36,500x500,83x110,0.6875
36,500x500,128x128,0.9375
36,500x500,355x503,0.625
36,500x500,500x500,1.0
36,500x500,1000x1000,0.96875
36,500x500,920x1300,0.625
36,1000x1000,83x110,0.6875
36,1000x1000,128x128,0.96875
36,1000x1000,355x503,0.625
36,1000x1000,500x500,0.96875
36,1000x1000,1000x1000,1.0
36,1000x1000,920x1300,0.625
36,920x1300,83x110,0.9375
36,920x1300,128x128,0.625
36,920x1300,355x503,0.96875
36,920x1300,500x500,0.625
36,920x1300,1000x1000,0.625
36,920x1300,920x1300,1.0
37,83x110,83x110,1.0
37,83x110,128x128,0.625
37,83x110,355x503,0.96875
37,83x110,500x500,0.625
37,83x110,1000x1000,0.625
37,83x110,920x1300,0.96875
37,128x128,83x110,0.625
37,128x128,128x128,1.0
37,128x128,355x503,0.59375
37,128x128,500x500,1.0
37,128x128,1000x1000,1.0
37,128x128,920x1300,0.59375
37,355x503,83x110,0.96875
37,355x503,128x128,0.59375
37,355x503,355x503,1.0
37,355x503,500x500,0.59375
37,355x503,1000x1000,0.59375
37,355x503,920x1300,1.0
37,500x500,83x110,0.625
37,500x500,128x128,1.0
37,500x500,355x503,0.59375
37,500x500,500x500,1.0
37,500x500,1000x1000,1.0
37,500x500,920x1300,0.59375
37,1000x1000,83x110,0.625
37,1000x1000,128x128,1.0
37,1000x1000,355x503,0.59375
37,1000x1000,500x500,1.0
37,1000x1000,1000x1000,1.0
37,1000x1000,920x1300,0.59375
37,920x1300,83x110,0.96875
37,920x1300,128x128,0.59375
37,920x1300,355x503,1.0
37,920x1300,500x500,0.59375
37,920x1300,1000x1000,0.59375
37,920x1300,920x1300,1.0
38,83x110,83x110,1.0
38,83x110,128x128,0.96875
38,83x110,355x503,0.96875
38,83x110,500x500,0.96875
38,83x110,1000x1000,0.96875
38,83x110,920x1300,0.96875
38,128x128,83x110,0.96875
38,128x128,128x128,1.0
38,128x128,355x503,1.0
38,128x128,500x500,1.0
38,128x128,1000x1000,1.0
38,128x128,920x1300,1.0
38,355x503,83x110,0.96875
38,355x503,128x128,1.0
38,355x503,355x503,1.0
38,355x503,500x500,1.0
38,355x503,1000x1000,1.0
38,355x503,920x1300,1.0
38,500x500,83x110,0.96875
38,500x500,128x128,1.0
38,500x500,355x503,1.0
38,500x500,500x500,1.0
38,500x500,1000x1000,1.0
38,500x500,920x1300,1.0
38,1000x1000,83x110,0.96875
38,1000x1000,128x128,1.0
38,1000x1000,355x503,1.0
38,1000x1000,500x500,1.0
38,1000x1000,1000x1000,1.0
38,1000x1000,920x1300,1.0
38,920x1300,83x110,0.96875
38,920x1300,128x128,1.0
38,920x1300,355x503,1.0
38,920x1300,500x500,1.0
38,920x1300,1000x1000,1.0
38,920x1300,920x1300,1.0
39,83x110,83x110,1.0
39,83x110,128x128,0.71875
39,83x110,355x503,0.90625
39,83x110,500x500,0.71875
39,83x110,1000x1000,0.71875
39,83x110,920x1300,0.875
39,128x128,83x110,0.71875
39,128x128,128x128,1.0
39,128x128,355x503,0.71875
39,128x128,500x500,1.0
39,128x128,1000x1000,1.0
39,128x128,920x1300,0.75
39,355x503,83x110,0.90625
39,355x503,128x128,0.71875
39,355x503,355x503,1.0
39,355x503,500x500,0.71875
39,355x503,1000x1000,0.71875
39,355x503,920x1300,0.9375
39,500x500,83x110,0.71875
39,500x500,128x128,1.0
39,500x500,355x503,0.71875
39,500x500,500x500,1.0
39,500x500,1000x1000,1.0
39,500x500,920x1300,0.75
39,1000x1000,83x110,0.71875
39,1000x1000,128x128,1.0
39,1000x1000,355x503,0.71875
39,1000x1000,500x500,1.0
39,1000x1000,1000x1000,1.0
39,1000x1000,920x1300,0.75
39,920x1300,83x110,0.875
39,920x1300,128x128,0.75
39,920x1300,355x503,0.9375
39,920x1300,500x500,0.75
39,920x1300,1000x1000,0.75
39,920x1300,920x1300,1.0
40,83x110,83x110,1.0
40,83x110,128x128,0.65625
40,83x110,355x503,0.875
40,83x110,500x500,0.65625
40,83x110,1000x1000,0.65625
40,83x110,920x1300,0.84375
40,128x128,83x110,0.65625
40,128x128,128x128,1.0
40,128x128,355x503,0.625
40,128x128,500x500,1.0
40,128x128,1000x1000,1.0
40,128x128,920x1300,0.625
40,355x503,83x110,0.875
40,355x503,128x128,0.625
40,355x503,355x503,1.0
40,355x503,500x500,0.625
40,355x503,1000x1000,0.625
40,355x503,920x1300,0.96875
40,500x500,83x110,0.65625
40,500x500,128x128,1.0
40,500x500,355x503,0.625
40,500x500,500x500,1.0
40,500x500,1000x1000,1.0
40,500x500,920x1300,0.625
40,1000x1000,83x110,0.65625
40,1000x1000,128x128,1.0
40,1000x1000,355x503,0.625
40,1000x1000,500x500,1.0
40,1000x1000,1000x1000,1.0
40,1000x1000,920x1300,0.625
40,920x1300,83x110,0.84375
40,920x1300,128x128,0.625
40,920x1300,355x503,0.96875
40,920x1300,500x500,0.625
40,920x1300,1000x1000,0.625
40,920x1300,920x1300,1.0
41,83x110,83x110,1.0
41,83x110,128x128,0.71875
41,83x110,355x503,0.90625
41,83x110,500x500,0.71875
41,83x110,1000x1000,0.71875
41,83x110,920x1300,0.90625
41,128x128,83x110,0.71875
41,128x128,128x128,1.0
41,128x128,355x503,0.6875
41,128x128,500x500,1.0
41,128x128,1000x1000,1.0
41,128x128,920x1300,0.65625
41,355x503,83x110,0.90625
41,355x503,128x128,0.6875
41,355x503,355x503,1.0
41,355x503,500x500,0.6875
41,355x503,1000x1000,0.6875
41,355x503,920x1300,0.9375
41,500x500,83x110,0.71875
41,500x500,128x128,1.0
41,500x500,355x503,0.6875
41,500x500,500x500,1.0
41,500x500,1000x1000,1.0
41,500x500,920x1300,0.65625
41,1000x1000,83x110,0.71875
41,1000x1000,128x128,1.0
41,1000x1000,355x503,0.6875
41,1000x1000,500x500,1.0
41,1000x1000,1000x1000,1.0
41,1000x1000,920x1300,0.65625
41,920x1300,83x110,0.90625
41,920x1300,128x128,0.65625
41,920x1300,355x503,0.9375
41,920x1300,500x500,0.65625
41,920x1300,1000x1000,0.65625
41,920x1300,920x1300,1.0
42,83x110,83x110,1.0
42,83x110,128x128,0.78125
42,83x110,355x503,0.875
42,83x110,500x500,0.78125
42,83x110,1000x1000,0.78125
42,83x110,920x1300,0.875
42,128x128,83x110,0.78125
42,128x128,128x128,1.0
42,128x128,355x503,0.65625
42,128x128,500x500,0.96875
42,128x128,1000x1000,1.0
42,128x128,920x1300,0.65625
42,355x503,83x110,0.875
42,355x503,128x128,0.65625
42,355x503,355x503,1.0
42,355x503,500x500,0.6875
42,355x503,1000x1000,0.65625
42,355x503,920x1300,1.0
42,500x500,83x110,0.78125
42,500x500,128x128,0.96875
42,500x500,355x503,0.6875
42,500x500,500x500,1.0
42,500x500,1000x1000,0.96875
42,500x500,920x1300,0.6875
42,1000x1000,83x110,0.78125
42,1000x1000,128x128,1.0
42,1000x1000,355x503,0.65625
42,1000x1000,500x500,0.96875
42,1000x1000,1000x1000,1.0
42,1000x1000,920x1300,0.65625
42,920x1300,83x110,0.875
42,920x1300,128x128,0.65625
42,920x1300,355x503,1.0
42,920x1300,500x500,0.6875
42,920x1300,1000x1000,0.65625
42,920x1300,920x1300,1.0
43,83x110,83x110,1.0
43,83x110,128x128,0.65625
43,83x110,355x503,0.8125
43,83x110,500x500,0.6875
43,83x110,1000x1000,0.65625
43,83x110,920x1300,0.84375
43,128x128,83x110,0.65625
43,128x128,128x128,1.0
43,128x128,355x503,0.5625
43,128x128,500x500,0.96875
43,128x128,1000x1000,1.0
43,128x128,920x1300,0.5625
43,355x503,83x110,0.8125
43,355x503,128x128,0.5625
43,355x503,355x503,1.0
43,355x503,500x500,0.5625
43,355x503,1000x1000,0.5625
43,355x503,920x1300,0.96875
43,500x500,83x110,0.6875
43,500x500,128x128,0.96875
43,500x500,355x503,0.5625
43,500x500,500x500,1.0
43,500x500,1000x1000,0.96875
43,500x500,920x1300,0.5625
43,1000x1000,83x110,0.65625
43,1000x1000,128x128,1.0
43,1000x1000,355x503,0.5625
43,1000x1000,500x500,0.96875
43,1000x1000,1000x1000,1.0
43,1000x1000,920x1300,0.5625
43,920x1300,83x110,0.84375
43,920x1300,128x128,0.5625
43,920x1300,355x503,0.96875
43,920x1300,500x500,0.5625
43,920x1300,1000x1000,0.5625
43,920x1300,920x1300,1.0
44,83x110,83x110,1.0
44,83x110,128x128,0.6875
44,83x110,355x503,0.875
44,83x110,500x500,0.6875
44,83x110,1000x1000,0.6875
44,83x110,920x1300,0.875
44,128x128,83x110,0.6875
44,128x128,128x128,1.0
44,128x128,355x503,0.59375
44,128x128,500x500,1.0
44,128x128,1000x1000,1.0
44,128x128,920x1300,0.59375
44,355x503,83x110,0.875
44,355x503,128x128,0.59375
44,355x503,355x503,1.0
44,355x503,500x500,0.59375
44,355x503,1000x1000,0.59375
44,355x503,920x1300,1.0
44,500x500,83x110,0.6875
44,500x500,128x128,1.0
44,500x500,355x503,0.59375
44,500x500,500x500,1.0
44,500x500,1000x1000,1.0
44,500x500,920x1300,0.59375
44,1000x1000,83x110,0.6875
44,1000x1000,128x128,1.0
44,1000x1000,355x503,0.59375
44,1000x1000,500x500,1.0
44,1000x1000,1000x1000,1.0
44,1000x1000,920x1300,0.59375
44,920x1300,83x110,0.875
44,920x1300,128x128,0.59375
44,920x1300,355x503,1.0
44,920x1300,500x500,0.59375
44,920x1300,1000x1000,0.59375
44,920x1300,920x1300,1.0
45,83x110,83x110,1.0
45,83x110,128x128,0.71875
45,83x110,355x503,0.8125
45,83x110,500x500,0.71875
45,83x110,1000x1000,0.71875
45,83x110,920x1300,0.8125
45,128x128,83x110,0.71875
45,128x128,128x128,1.0
45,128x128,355x503,0.59375
45,128x128,500x500,1.0
45,128x128,1000x1000,0.96875
45,128x128,920x1300,0.59375
45,355x503,83x110,0.8125
45,355x503,128x128,0.59375
45,355x503,355x503,1.0
45,355x503,500x500,0.59375
45,355x503,1000x1000,0.59375
45,355x503,920x1300,1.0
45,500x500,83x110,0.71875
45,500x500,128x128,1.0
45,500x500,355x503,0.59375
45,500x500,500x500,1.0
45,500x500,1000x1000,0.96875
45,500x500,920x1300,0.59375
45,1000x1000,83x110,0.71875
45,1000x1000,128x128,0.96875
45,1000x1000,355x503,0.59375
45,1000x1000,500x500,0.96875
45,1000x1000,1000x1000,1.0
45,1000x1000,920x1300,0.59375
45,920x1300,83x110,0.8125
45,920x1300,128x128,0.59375
45,920x1300,355x503,1.0
45,920x1300,500x500,0.59375
45,920x1300,1000x1000,0.59375
45,920x1300,920x1300,1.0
46,83x110,83x110,1.0
46,83x110,128x128,0.75
46,83x110,355x503,0.90625
46,83x110,500x500,0.71875
46,83x110,1000x1000,0.71875
46,83x110,920x1300,0.875
46,128x128,83x110,0.75
46,128x128,128x128,1.0
46,128x128,355x503,0.71875
46,128x128,500x500,0.96875
46,128x128,1000x1000,0.96875
46,128x128,920x1300,0.6875
46,355x503,83x110,0.90625
46,355x503,128x128,0.71875
46,355x503,355x503,1.0
46,355x503,500x500,0.6875
46,355x503,1000x1000,0.6875
46,355x503,920x1300,0.96875
46,500x500,83x110,0.71875
46,500x500,128x128,0.96875
46,500x500,355x503,0.6875
46,500x500,500x500,1.0
46,500x500,1000x1000,1.0
46,500x500,920x1300,0.6875
46,1000x1000,83x110,0.71875
46,1000x1000,128x128,0.96875
46,1000x1000,355x503,0.6875
46,1000x1000,500x500,1.0
46,1000x1000,1000x1000,1.0
46,1000x1000,920x1300,0.6875
46,920x1300,83x110,0.875
46,920x1300,128x128,0.6875
46,920x1300,355x503,0.96875
46,920x1300,500x500,0.6875
46,920x1300,1000x1000,0.6875
46,920x1300,920x1300,1.0
47,83x110,83x110,1.0
47,83x110,128x128,0.6875
47,83x110,355x503,0.90625
47,83x110,500x500,0.6875
47,83x110,1000x1000,0.6875
47,83x110,920x1300,0.90625
47,128x128,83x110,0.6875
47,128x128,128x128,1.0
47,128x128,355x503,0.65625
47,128x128,500x500,1.0
47,128x128,1000x1000,1.0
47,128x128,920x1300,0.65625
47,355x503,83x110,0.90625
47,355x503,128x128,0.65625
47,355x503,355x503,1.0
47,355x503,500x500,0.65625
47,355x503,1000x1000,0.65625
47,355x503,920x1300,1.0
47,500x500,83x110,0.6875
47,500x500,128x128,1.0
47,500x500,355x503,0.65625
47,500x500,500x500,1.0
47,500x500,1000x1000,1.0
47,500x500,920x1300,0.65625
47,1000x1000,83x110,0.6875
47,1000x1000,128x128,1.0
47,1000x1000,355x503,0.65625
47,1000x1000,500x500,1.0
47,1000x1000,1000x1000,1.0
47,1000x1000,920x1300,0.65625
47,920x1300,83x110,0.90625
47,920x1300,128x128,0.65625
47,920x1300,355x503,1.0
47,920x1300,500x500,0.65625
47,920x1300,1000x1000,0.65625
47,920x1300,920x1300,1.0
48,83x110,83x110,1.0
48,83x110,128x128,0.625
48,83x110,355x503,0.96875
48,83x110,500x500,0.65625
48,83x110,1000x1000,0.65625
48,83x110,920x1300,0.96875
48,128x128,83x110,0.625
48,128x128,128x128,1.0
48,128x128,355x503,0.59375
48,128x128,500x500,0.96875
48,128x128,1000x1000,0.96875
48,128x128,920x1300,0.59375
48,355x503,83x110,0.96875
48,355x503,128x128,0.59375
48,355x503,355x503,1.0
48,355x503,500x500,0.625
48,355x503,1000x1000,0.625
48,355x503,920x1300,1.0
48,500x500,83x110,0.65625
48,500x500,128x128,0.96875
48,500x500,355x503,0.625
48,500x500,500x500,1.0
48,500x500,1000x1000,1.0
48,500x500,920x1300,0.625
48,1000x1000,83x110,0.65625
48,1000x1000,128x128,0.96875
48,1000x1000,355x503,0.625
48,1000x1000,500x500,1.0
48,1000x1000,1000x1000,1.0
48,1000x1000,920x1300,0.625
48,920x1300,83x110,0.96875
48,920x1300,128x128,0.59375
48,920x1300,355x503,1.0
48,920x1300,500x500,0.625
48,920x1300,1000x1000,0.625
48,920x1300,920x1300,1.0
49,83x110,83x110,1.0
49,83x110,128x128,0.53125
49,83x110,355x503,0.90625
49,83x110,500x500,0.5625
49,83x110,1000x1000,0.5625
49,83x110,920x1300,0.90625
49,128x128,83x110,0.53125
49,128x128,128x128,1.0
49,128x128,355x503,0.5625
49,128x128,500x500,0.96875
49,128x128,1000x1000,0.96875
49,128x128,920x1300,0.5625
49,355x503,83x110,0.90625
49,355x503,128x128,0.5625
49,355x503,355x503,1.0
49,355x503,500x500,0.59375
49,355x503,1000x1000,0.59375
49,355x503,920x1300,1.0
49,500x500,83x110,0.5625
49,500x500,128x128,0.96875
49,500x500,355x503,0.59375
49,500x500,500x500,1.0
49,500x500,1000x1000,1.0
49,500x500,920x1300,0.59375
49,1000x1000,83x110,0.5625
49,1000x1000,128x128,0.96875
49,1000x1000,355x503,0.59375
49,1000x1000,500x500,1.0
49,1000x1000,1000x1000,1.0
49,1000x1000,920x1300,0.59375
49,920x1300,83x110,0.90625
49,920x1300,128x128,0.5625
49,920x1300,355x503,1.0
49,920x1300,500x500,0.59375
49,920x1300,1000x1000,0.59375
49,920x1300,920x1300,1.0
50,83x110,83x110,1.0
50,83x110,128x128,0.53125
50,83x110,355x503,0.84375
50,83x110,500x500,0.5625
50,83x110,1000x1000,0.53125
50,83x110,920x1300,0.84375
50,128x128,83x110,0.53125
50,128x128,128x128,1.0
50,128x128,355x503,0.5
50,128x128,500x500,0.96875
50,128x128,1000x1000,0.9375
50,128x128,920x1300,0.5
50,355x503,83x110,0.84375
50,355x503,128x128,0.5
50,355x503,355x503,1.0
50,355x503,500x500,0.53125
50,355x503,1000x1000,0.53125
50,355x503,920x1300,1.0
50,500x500,83x110,0.5625
50,500x500,128x128,0.96875
50,500x500,355x503,0.53125
50,500x500,500x500,1.0
50,500x500,1000x1000,0.96875
50,500x500,920x1300,0.53125
50,1000x1000,83x110,0.53125
50,1000x1000,128x128,0.9375
50,1000x1000,355x503,0.53125
50,1000x1000,500x500,0.96875
50,1000x1000,1000x1000,1.0
50,1000x1000,920x1300,0.53125
50,920x1300,83x110,0.84375
50,920x1300,128x128,0.5
50,920x1300,355x503,1.0
50,920x1300,500x500,0.53125
50,920x1300,1000x1000,0.53125
50,920x1300,920x1300,1.0
51,83x110,83x110,1.0
51,83x110,128x128,0.53125
51,83x110,355x503,0.90625
51,83x110,500x500,0.53125
51,83x110,1000x1000,0.53125
51,83x110,920x1300,0.90625
51,128x128,83x110,0.53125
51,128x128,128x128,1.0
51,128x128,355x503,0.5
51,128x128,500x500,1.0
51,128x128,1000x1000,0.96875
51,128x128,920x1300,0.5
51,355x503,83x110,0.90625
51,355x503,128x128,0.5
51,355x503,355x503,1.0
51,355x503,500x500,0.5
51,355x503,1000x1000,0.5
51,355x503,920x1300,1.0
51,500x500,83x110,0.53125
51,500x500,128x128,1.0
51,500x500,355x503,0.5
51,500x500,500x500,1.0
51,500x500,1000x1000,0.96875
51,500x500,920x1300,0.5
51,1000x1000,83x110,0.53125
51,1000x1000,128x128,0.96875
51,1000x1000,355x503,0.5
51,1000x1000,500x500,0.96875
51,1000x1000,1000x1000,1.0
51,1000x1000,920x1300,0.5
51,920x1300,83x110,0.90625
51,920x1300,128x128,0.5
51,920x1300,355x503,1.0
51,920x1300,500x500,0.5
51,920x1300,1000x1000,0.5
51,920x1300,920x1300,1.0
52,83x110,83x110,1.0
52,83x110,128x128,0.78125
52,83x110,355x503,0.875
52,83x110,500x500,0.78125
52,83x110,1000x1000,0.78125
52,83x110,920x1300,0.875
52,128x128,83x110,0.78125
52,128x128,128x128,1.0
52,128x128,355x503,0.6875
52,128x128,500x500,1.0
52,128x128,1000x1000,0.96875
52,128x128,920x1300,0.6875
52,355x503,83x110,0.875
52,355x503,128x128,0.6875
52,355x503,355x503,1.0
52,355x503,500x500,0.6875
52,355x503,1000x1000,0.71875
52,355x503,920x1300,1.0
52,500x500,83x110,0.78125
52,500x500,128x128,1.0
52,500x500,355x503,0.6875
52,500x500,500x500,1.0
52,500x500,1000x1000,0.96875
52,500x500,920x1300,0.6875
52,1000x1000,83x110,0.78125
52,1000x1000,128x128,0.96875
52,1000x1000,355x503,0.71875
52,1000x1000,500x500,0.96875
52,1000x1000,1000x1000,1.0
52,1000x1000,920x1300,0.71875
52,920x1300,83x110,0.875
52,920x1300,128x128,0.6875
52,920x1300,355x503,1.0
52,920x1300,500x500,0.6875
52,920x1300,1000x1000,0.71875
52,920x1300,920x1300,1.0
53,83x110,83x110,1.0
53,83x110,128x128,0.59375
53,83x110,355x503,0.8125
53,83x110,500x500,0.59375
53,83x110,1000x1000,0.59375
53,83x110,920x1300,0.84375
53,128x128,83x110,0.59375
53,128x128,128x128,1.0
53,128x128,355x503,0.5625
53,128x128,500x500,1.0
53,128x128,1000x1000,1.0
53,128x128,920x1300,0.5625
53,355x503,83x110,0.8125
53,355x503,128x128,0.5625
53,355x503,355x503,1.0
53,355x503,500x500,0.5625
53,355x503,1000x1000,0.5625
53,355x503,920x1300,0.96875
53,500x500,83x110,0.59375
53,500x500,128x128,1.0
53,500x500,355x503,0.5625
53,500x500,500x500,1.0
53,500x500,1000x1000,1.0
53,500x500,920x1300,0.5625
53,1000x1000,83x110,0.59375
53,1000x1000,128x128,1.0
53,1000x1000,355x503,0.5625
53,1000x1000,500x500,1.0
53,1000x1000,1000x1000,1.0
53,1000x1000,920x1300,0.5625
53,920x1300,83x110,0.84375
53,920x1300,128x128,0.5625
53,920x1300,355x503,0.96875
53,920x1300,500x500,0.5625
53,920x1300,1000x1000,0.5625
53,920x1300,920x1300,1.0
54,83x110,83x110,1.0
54,83x110,128x128,0.6875
54,83x110,355x503,0.9375
54,83x110,500x500,0.6875
54,83x110,1000x1000,0.6875
54,83x110,920x1300,0.9375
54,128x128,83x110,0.6875
54,128x128,128x128,1.0
54,128x128,355x503,0.625
54,128x128,500x500,1.0
54,128x128,1000x1000,1.0
54,128x128,920x1300,0.625
54,355x503,83x110,0.9375
54,355x503,128x128,0.625
54,355x503,355x503,1.0
54,355x503,500x500,0.625
54,355x503,1000x1000,0.625
54,355x503,920x1300,1.0
54,500x500,83x110,0.6875
54,500x500,128x128,1.0
54,500x500,355x503,0.625
54,500x500,500x500,1.0
54,500x500,1000x1000,1.0
54,500x500,920x1300,0.625
54,1000x1000,83x110,0.6875
54,1000x1000,128x128,1.0
54,1000x1000,355x503,0.625
54,1000x1000,500x500,1.0
54,1000x1000,1000x1000,1.0
54,1000x1000,920x1300,0.625
54,920x1300,83x110,0.9375
54,920x1300,128x128,0.625
54,920x1300,355x503,1.0
54,920x1300,500x500,0.625
54,920x1300,1000x1000,0.625
54,920x1300,920x1300,1.0
55,83x110,83x110,1.0
55,83x110,128x128,0.71875
55,83x110,355x503,0.9375
55,83x110,500x500,0.75
55,83x110,1000x1000,0.75
55,83x110,920x1300,0.9375
55,128x128,83x110,0.71875
55,128x128,128x128,1.0
55,128x128,355x503,0.6875
55,128x128,500x500,0.96875
55,128x128,1000x1000,0.96875
55,128x128,920x1300,0.6875
55,355x503,83x110,0.9375
55,355x503,128x128,0.6875
55,355x503,355x503,1.0
55,355x503,500x500,0.6875
55,355x503,1000x1000,0.6875
55,355x503,920x1300,1.0
55,500x500,83x110,0.75
55,500x500,128x128,0.96875
55,500x500,355x503,0.6875
55,500x500,500x500,1.0
55,500x500,1000x1000,1.0
55,500x500,920x1300,0.6875
55,1000x1000,83x110,0.75
55,1000x1000,128x128,0.96875
55,1000x1000,355x503,0.6875
55,1000x1000,500x500,1.0
55,1000x1000,1000x1000,1.0
55,1000x1000,920x1300,0.6875
55,920x1300,83x110,0.9375
55,920x1300,128x128,0.6875
55,920x1300,355x503,1.0
55,920x1300,500x500,0.6875
55,920x1300,1000x1000,0.6875
55,920x1300,920x1300,1.0
56,83x110,83x110,1.0
56,83x110,128x128,0.5625
56,83x110,355x503,0.84375
56,83x110,500x500,0.5625
56,83x110,1000x1000,0.5625
56,83x110,920x1300,0.84375
56,128x128,83x110,0.5625
56,128x128,128x128,1.0
56,128x128,355x503,0.625
56,128x128,500x500,0.96875
56,128x128,1000x1000,0.96875
56,128x128,920x1300,0.625
56,355x503,83x110,0.84375
56,355x503,128x128,0.625
56,355x503,355x503,1.0
56,355x503,500x500,0.625
56,355x503,1000x1000,0.625
56,355x503,920x1300,1.0
56,500x500,83x110,0.5625
56,500x500,128x128,0.96875
56,500x500,355x503,0.625
56,500x500,500x500,1.0
56,500x500,1000x1000,1.0
56,500x500,920x1300,0.625
56,1000x1000,83x110,0.5625
56,1000x1000,128x128,0.96875
56,1000x1000,355x503,0.625
56,1000x1000,500x500,1.0
56,1000x1000,1000x1000,1.0
56,1000x1000,920x1300,0.625
56,920x1300,83x110,0.84375
56,920x1300,128x128,0.625
56,920x1300,355x503,1.0
56,920x1300,500x500,0.625
56,920x1300,1000x1000,0.625
56,920x1300,920x1300,1.0
57,83x110,83x110,1.0
57,83x110,128x128,0.65625
57,83x110,355x503,0.90625
57,83x110,500x500,0.65625
57,83x110,1000x1000,0.65625
57,83x110,920x1300,0.90625
57,128x128,83x110,0.65625
57,128x128,128x128,1.0
57,128x128,355x503,0.59375
57,128x128,500x500,1.0
57,128x128,1000x1000,1.0
57,128x128,920x1300,0.59375
57,355x503,83x110,0.90625
57,355x503,128x128,0.59375
57,355x503,355x503,1.0
57,355x503,500x500,0.59375
57,355x503,1000x1000,0.59375
57,355x503,920x1300,1.0
57,500x500,83x110,0.65625
57,500x500,128x128,1.0
57,500x500,355x503,0.59375
57,500x500,500x500,1.0
57,500x500,1000x1000,1.0
57,500x500,920x1300,0.59375
57,1000x1000,83x110,0.65625
57,1000x1000,128x128,1.0
57,1000x1000,355x503,0.59375
57,1000x1000,500x500,1.0
57,1000x1000,1000x1000,1.0
57,1000x1000,920x1300,0.59375
57,920x1300,83x110,0.90625
57,920x1300,128x128,0.59375
57,920x1300,355x503,1.0
57,920x1300,500x500,0.59375
57,920x1300,1000x1000,0.59375
57,920x1300,920x1300,1.0
58,83x110,83x110,1.0
58,83x110,128x128,0.53125
58,83x110,355x503,0.8125
58,83x110,500x500,0.53125
58,83x110,1000x1000,0.53125
58,83x110,920x1300,0.8125
58,128x128,83x110,0.53125
58,128x128,128x128,1.0
58,128x128,355x503,0.5
58,128x128,500x500,1.0
58,128x128,1000x1000,1.0
58,128x128,920x1300,0.5
58,355x503,83x110,0.8125
58,355x503,128x128,0.5
58,355x503,355x503,1.0
58,355x503,500x500,0.5
58,355x503,1000x1000,0.5
58,355x503,920x1300,1.0
58,500x500,83x110,0.53125
58,500x500,128x128,1.0
58,500x500,355x503,0.5
58,500x500,500x500,1.0
58,500x500,1000x1000,1.0
58,500x500,920x1300,0.5
58,1000x1000,83x110,0.53125
58,1000x1000,128x128,1.0
58,1000x1000,355x503,0.5
58,1000x1000,500x500,1.0
58,1000x1000,1000x1000,1.0
58,1000x1000,920x1300,0.5
58,920x1300,83x110,0.8125
58,920x1300,128x128,0.5
58,920x1300,355x503,1.0
58,920x1300,500x500,0.5
58,920x1300,1000x1000,0.5
58,920x1300,920x1300,1.0
59,83x110,83x110,1.0
59,83x110,128x128,0.625
59,83x110,355x503,0.90625
59,83x110,500x500,0.625
59,83x110,1000x1000,0.625
59,83x110,920x1300,0.9375
59,128x128,83x110,0.625
59,128x128,128x128,1.0
59,128x128,355x503,0.625
59,128x128,500x500,1.0
59,128x128,1000x1000,1.0
59,128x128,920x1300,0.625
59,355x503,83x110,0.90625
59,355x503,128x128,0.625
59,355x503,355x503,1.0
59,355x503,500x500,0.625
59,355x503,1000x1000,0.625
59,355x503,920x1300,0.96875
59,500x500,83x110,0.625
59,500x500,128x128,1.0
59,500x500,355x503,0.625
59,500x500,500x500,1.0
59,500x500,1000x1000,1.0
59,500x500,920x1300,0.625
59,1000x1000,83x110,0.625
59,1000x1000,128x128,1.0
59,1000x1000,355x503,0.625
59,1000x1000,500x500,1.0
59,1000x1000,1000x1000,1.0
59,1000x1000,920x1300,0.625
59,920x1300,83x110,0.9375
59,920x1300,128x128,0.625
59,920x1300,355x503,0.96875
59,920x1300,500x500,0.625
59,920x1300,1000x1000,0.625
59,920x1300,920x1300,1.0
60,83x110,83x110,1.0
60,83x110,128x128,0.65625
60,83x110,355x503,0.8125
60,83x110,500x500,0.65625
60,83x110,1000x1000,0.65625
60,83x110,920x1300,0.90625
60,128x128,83x110,0.65625
60,128x128,128x128,1.0
60,128x128,355x503,0.46875
60,128x128,500x500,0.96875
60,128x128,1000x1000,0.96875
60,128x128,920x1300,0.5625
60,355x503,83x110,0.8125
60,355x503,128x128,0.46875
60,355x503,355x503,1.0
60,355x503,500x500,0.46875
60,355x503,1000x1000,0.46875
60,355x503,920x1300,0.90625
60,500x500,83x110,0.65625
60,500x500,128x128,0.96875
60,500x500,355x503,0.46875
60,500x500,500x500,1.0
60,500x500,1000x1000,1.0
60,500x500,920x1300,0.5625
60,1000x1000,83x110,0.65625
60,1000x1000,128x128,0.96875
60,1000x1000,355x503,0.46875
60,1000x1000,500x500,1.0
60,1000x1000,1000x1000,1.0
60,1000x1000,920x1300,0.5625
60,920x1300,83x110,0.90625
60,920x1300,128x128,0.5625
60,920x1300,355x503,0.90625
60,920x1300,500x500,0.5625
60,920x1300,1000x1000,0.5625
60,920x1300,920x1300,1.0
61,83x110,83x110,1.0
61,83x110,128x128,0.65625
61,83x110,355x503,0.90625
61,83x110,500x500,0.6875
61,83x110,1000x1000,0.65625
61,83x110,920x1300,0.90625
61,128x128,83x110,0.65625
61,128x128,128x128,1.0
61,128x128,355x503,0.59375
61,128x128,500x500,0.96875
61,128x128,1000x1000,1.0
61,128x128,920x1300,0.59375
61,355x503,83x110,0.90625
61,355x503,128x128,0.59375
61,355x503,355x503,1.0
61,355x503,500x500,0.59375
61,355x503,1000x1000,0.59375
61,355x503,920x1300,1.0
61,500x500,83x110,0.6875
61,500x500,128x128,0.96875
61,500x500,355x503,0.59375
61,500x500,500x500,1.0
61,500x500,1000x1000,0.96875
61,500x500,920x1300,0.59375
61,1000x1000,83x110,0.65625
61,1000x1000,128x128,1.0
61,1000x1000,355x503,0.59375
61,1000x1000,500x500,0.96875
61,1000x1000,1000x1000,1.0
61,1000x1000,920x1300,0.59375
61,920x1300,83x110,0.90625
61,920x1300,128x128,0.59375
61,920x1300,355x503,1.0
61,920x1300,500x500,0.59375
61,920x1300,1000x1000,0.59375
61,920x1300,920x1300,1.0
62,83x110,83x110,1.0
62,83x110,128x128,0.6875
62,83x110,355x503,0.875
62,83x110,500x500,0.6875
62,83x110,1000x1000,0.6875
62,83x110,920x1300,0.90625
62,128x128,83x110,0.6875
62,128x128,128x128,1.0
62,128x128,355x503,0.59375
62,128x128,500x500,1.0
62,128x128,1000x1000,1.0
62,128x128,920x1300,0.59375
62,355x503,83x110,0.875
62,355x503,128x128,0.59375
62,355x503,355x503,1.0
62,355x503,500x500,0.59375
62,355x503,1000x1000,0.59375
62,355x503,920x1300,0.96875
62,500x500,83x110,0.6875
62,500x500,128x128,1.0
62,500x500,355x503,0.59375
62,500x500,500x500,1.0
62,500x500,1000x1000,1.0
62,500x500,920x1300,0.59375
62,1000x1000,83x110,0.6875
62,1000x1000,128x128,1.0
62,1000x1000,355x503,0.59375
62,1000x1000,500x500,1.0
62,1000x1000,1000x1000,1.0
62,1000x1000,920x1300,0.59375
62,920x1300,83x110,0.90625
62,920x1300,128x128,0.59375
62,920x1300,355x503,0.96875
62,920x1300,500x500,0.59375
62,920x1300,1000x1000,0.59375
62,920x1300,920x1300,1.0
63,83x110,83x110,1.0
63,83x110,128x128,0.78125
63,83x110,355x503,0.875
63,83x110,500x500,0.75
63,83x110,1000x1000,0.75
63,83x110,920x1300,0.875
63,128x128,83x110,0.78125
63,128x128,128x128,1.0
63,128x128,355x503,0.8125
63,128x128,500x500,0.96875
63,128x128,1000x1000,0.96875
63,128x128,920x1300,0.78125
63,355x503,83x110,0.875
63,355x503,128x128,0.8125
63,355x503,355x503,1.0
63,355x503,500x500,0.78125
63,355x503,1000x1000,0.78125
63,355x503,920x1300,0.96875
63,500x500,83x110,0.75
63,500x500,128x128,0.96875
63,500x500,355x503,0.78125
63,500x500,500x500,1.0
63,500x500,1000x1000,1.0
63,500x500,920x1300,0.75
63,1000x1000,83x110,0.75
63,1000x1000,128x128,0.96875
63,1000x1000,355x503,0.78125
63,1000x1000,500x500,1.0
63,1000x1000,1000x1000,1.0
63,1000x1000,920x1300,0.75
63,920x1300,83x110,0.875
63,920x1300,128x128,0.78125
63,920x1300,355x503,0.96875
63,920x1300,500x500,0.75
63,920x1300,1000x1000,0.75
63,920x1300,920x1300,1.0
64,83x110,83x110,1.0
64,83x110,128x128,0.71875
64,83x110,355x503,0.90625
64,83x110,500x500,0.71875
64,83x110,1000x1000,0.71875
64,83x110,920x1300,0.9375
64,128x128,83x110,0.71875
64,128x128,128x128,1.0
64,128x128,355x503,0.65625
64,128x128,500x500,1.0
64,128x128,1000x1000,1.0
64,128x128,920x1300,0.65625
64,355x503,83x110,0.90625
64,355x503,128x128,0.65625
64,355x503,355x503,1.0
64,355x503,500x500,0.65625
64,355x503,1000x1000,0.65625
64,355x503,920x1300,0.96875
64,500x500,83x110,0.71875
64,500x500,128x128,1.0
64,500x500,355x503,0.65625
64,500x500,500x500,1.0
64,500x500,1000x1000,1.0
64,500x500,920x1300,0.65625
64,1000x1000,83x110,0.71875
64,1000x1000,128x128,1.0
64,1000x1000,355x503,0.65625
64,1000x1000,500x500,1.0
64,1000x1000,1000x1000,1.0
64,1000x1000,920x1300,0.65625
64,920x1300,83x110,0.9375
64,920x1300,128x128,0.65625
64,920x1300,355x503,0.96875
64,920x1300,500x500,0.65625
64,920x1300,1000x1000,0.65625
64,920x1300,920x1300,1.0
65,83x110,83x110,1.0
65,83x110,128x128,0.59375
65,83x110,355x503,0.96875
65,83x110,500x500,0.59375
65,83x110,1000x1000,0.59375
65,83x110,920x1300,0.96875
65,128x128,83x110,0.59375
65,128x128,128x128,1.0
65,128x128,355x503,0.5625
65,128x128,500x500,1.0
65,128x128,1000x1000,1.0
65,128x128,920x1300,0.5625
65,355x503,83x110,0.96875
65,355x503,128x128,0.5625
65,355x503,355x503,1.0
65,355x503,500x500,0.5625
65,355x503,1000x1000,0.5625
65,355x503,920x1300,1.0
65,500x500,83x110,0.59375
65,500x500,128x128,1.0
65,500x500,355x503,0.5625
65,500x500,500x500,1.0
65,500x500,1000x1000,1.0
65,500x500,920x1300,0.5625
65,1000x1000,83x110,0.59375
65,1000x1000,128x128,1.0
65,1000x1000,355x503,0.5625
65,1000x1000,500x500,1.0
65,1000x1000,1000x1000,1.0
65,1000x1000,920x1300,0.5625
65,920x1300,83x110,0.96875
65,920x1300,128x128,0.5625
65,920x1300,355x503,1.0
65,920x1300,500x500,0.5625
65,920x1300,1000x1000,0.5625
65,920x1300,920x1300,1.0
66,83x110,83x110,1.0
66,83x110,128x128,0.59375
66,83x110,355x503,0.875
66,83x110,500x500,0.625
66,83x110,1000x1000,0.625
66,83x110,920x1300,0.875
66,128x128,83x110,0.59375
66,128x128,128x128,1.0
66,128x128,355x503,0.625
66,128x128,500x500,0.96875
66,128x128,1000x1000,0.96875
66,128x128,920x1300,0.59375
66,355x503,83x110,0.875
66,355x503,128x128,0.625
66,355x503,355x503,1.0
66,355x503,500x500,0.65625
66,355x503,1000x1000,0.65625
66,355x503,920x1300,0.96875
66,500x500,83x110,0.625
66,500x500,128x128,0.96875
66,500x500,355x503,0.65625
66,500x500,500x500,1.0
66,500x500,1000x1000,1.0
66,500x500,920x1300,0.625
66,1000x1000,83x110,0.625
66,1000x1000,128x128,0.96875
66,1000x1000,355x503,0.65625
66,1000x1000,500x500,1.0
66,1000x1000,1000x1000,1.0
66,1000x1000,920x1300,0.625
66,920x1300,83x110,0.875
66,920x1300,128x128,0.59375
66,920x1300,355x503,0.96875
66,920x1300,500x500,0.625
66,920x1300,1000x1000,0.625
66,920x1300,920x1300,1.0
67,83x110,83x110,1.0
67,83x110,128x128,0.65625
67,83x110,355x503,0.84375
67,83x110,500x500,0.65625
67,83x110,1000x1000,0.65625
67,83x110,920x1300,0.84375
67,128x128,83x110,0.65625
67,128x128,128x128,1.0
67,128x128,355x503,0.59375
67,128x128,500x500,0.96875
67,128x128,1000x1000,0.96875
67,128x128,920x1300,0.65625
67,355x503,83x110,0.84375
67,355x503,128x128,0.59375
67,355x503,355x503,1.0
67,355x503,500x500,0.59375
67,355x503,1000x1000,0.59375
67,355x503,920x1300,0.9375
67,500x500,83x110,0.65625
67,500x500,128x128,0.96875
67,500x500,355x503,0.59375
67,500x500,500x500,1.0
67,500x500,1000x1000,1.0
67,500x500,920x1300,0.65625
67,1000x1000,83x110,0.65625
67,1000x1000,128x128,0.96875
67,1000x1000,355x503,0.59375
67,1000x1000,500x500,1.0
67,1000x1000,1000x1000,1.0
67,1000x1000,920x1300,0.65625
67,920x1300,83x110,0.84375
67,920x1300,128x128,0.65625
67,920x1300,355x503,0.9375
67,920x1300,500x500,0.65625
67,920x1300,1000x1000,0.65625
67,920x1300,920x1300,1.0
68,83x110,83x110,1.0
68,83x110,128x128,0.65625
68,83x110,355x503,0.9375
68,83x110,500x500,0.65625
68,83x110,1000x1000,0.65625
68,83x110,920x1300,0.9375
68,128x128,83x110,0.65625
68,128x128,128x128,1.0
68,128x128,355x503,0.71875
68,128x128,500x500,1.0
68,128x128,1000x1000,1.0
68,128x128,920x1300,0.71875
68,355x503,83x110,0.9375
68,355x503,128x128,0.71875
68,355x503,355x503,1.0
68,355x503,500x500,0.71875
68,355x503,1000x1000,0.71875
68,355x503,920x1300,1.0
68,500x500,83x110,0.65625
68,500x500,128x128,1.0
68,500x500,355x503,0.71875
68,500x500,500x500,1.0
68,500x500,1000x1000,1.0
68,500x500,920x1300,0.71875
68,1000x1000,83x110,0.65625
68,1000x1000,128x128,1.0
68,1000x1000,355x503,0.71875
68,1000x1000,500x500,1.0
68,1000x1000,1000x1000,1.0
68,1000x1000,920x1300,0.71875
68,920x1300,83x110,0.9375
68,920x1300,128x128,0.71875
68,920x1300,355x503,1.0
68,920x1300,500x500,0.71875
68,920x1300,1000x1000,0.71875
68,920x1300,920x1300,1.0
69,83x110,83x110,1.0
69,83x110,128x128,0.65625
69,83x110,355x503,0.84375
69,83x110,500x500,0.65625
69,83x110,1000x1000,0.65625
69,83x110,920x1300,0.875
69,128x128,83x110,0.65625
69,128x128,128x128,1.0
69,128x128,355x503,0.59375
69,128x128,500x500,0.96875
69,128x128,1000x1000,0.96875
69,128x128,920x1300,0.59375
69,355x503,83x110,0.84375
69,355x503,128x128,0.59375
69,355x503,355x503,1.0
69,355x503,500x500,0.59375
69,355x503,1000x1000,0.59375
69,355x503,920x1300,0.96875
69,500x500,83x110,0.65625
69,500x500,128x128,0.96875
69,500x500,355x503,0.59375
69,500x500,500x500,1.0
69,500x500,1000x1000,1.0
69,500x500,920x1300,0.59375
69,1000x1000,83x110,0.65625
69,1000x1000,128x128,0.96875
69,1000x1000,355x503,0.59375
69,1000x1000,500x500,1.0
69,1000x1000,1000x1000,1.0
69,1000x1000,920x1300,0.59375
69,920x1300,83x110,0.875
69,920x1300,128x128,0.59375
69,920x1300,355x503,0.96875
69,920x1300,500x500,0.59375
69,920x1300,1000x1000,0.59375
69,920x1300,920x1300,1.0
70,83x110,83x110,1.0
70,83x110,128x128,0.6875
70,83x110,355x503,0.90625
70,83x110,500x500,0.6875
70,83x110,1000x1000,0.6875
70,83x110,920x1300,0.90625
70,128x128,83x110,0.6875
70,128x128,128x128,1.0
70,128x128,355x503,0.625
70,128x128,500x500,1.0
70,128x128,1000x1000,1.0
70,128x128,920x1300,0.65625
70,355x503,83x110,0.90625
70,355x503,128x128,0.625
70,355x503,355x503,1.0
70,355x503,500x500,0.625
70,355x503,1000x1000,0.625
70,355x503,920x1300,0.96875
70,500x500,83x110,0.6875
70,500x500,128x128,1.0
70,500x500,355x503,0.625
70,500x500,500x500,1.0
70,500x500,1000x1000,1.0
70,500x500,920x1300,0.65625
70,1000x1000,83x110,0.6875
70,1000x1000,128x128,1.0
70,1000x1000,355x503,0.625
70,1000x1000,500x500,1.0
70,1000x1000,1000x1000,1.0
70,1000x1000,920x1300,0.65625
70,920x1300,83x110,0.90625
70,920x1300,128x128,0.65625
70,920x1300,355x503,0.96875
70,920x1300,500x500,0.65625
70,920x1300,1000x1000,0.65625
70,920x1300,920x1300,1.0
71,83x110,83x110,1.0
71,83x110,128x128,0.65625
71,83x110,355x503,0.90625
71,83x110,500x500,0.65625
71,83x110,1000x1000,0.65625
71,83x110,920x1300,0.90625
71,128x128,83x110,0.65625
71,128x128,128x128,1.0
71,128x128,355x503,0.59375
71,128x128,500x500,0.96875
71,128x128,1000x1000,0.96875
71,128x128,920x1300,0.59375
71,355x503,83x110,0.90625
71,355x503,128x128,0.59375
71,355x503,355x503,1.0
71,355x503,500x500,0.59375
71,355x503,1000x1000,0.59375
71,355x503,920x1300,1.0
71,500x500,83x110,0.65625
71,500x500,128x128,0.96875
71,500x500,355x503,0.59375
71,500x500,500x500,1.0
71,500x500,1000x1000,1.0
71,500x500,920x1300,0.59375
71,1000x1000,83x110,0.65625
71,1000x1000,128x128,0.96875
71,1000x1000,355x503,0.59375
71,1000x1000,500x500,1.0
71,1000x1000,1000x1000,1.0
71,1000x1000,920x1300,0.59375
71,920x1300,83x110,0.90625
71,920x1300,128x128,0.59375
71,920x1300,355x503,1.0
71,920x1300,500x500,0.59375
71,920x1300,1000x1000,0.59375
71,920x1300,920x1300,1.0
72,83x110,83x110,1.0
72,83x110,128x128,0.5625
72,83x110,355x503,0.84375
72,83x110,500x500,0.5625
72,83x110,1000x1000,0.5625
72,83x110,920x1300,0.84375
72,128x128,83x110,0.5625
72,128x128,128x128,1.0
72,128x128,355x503,0.46875
72,128x128,500x500,1.0
72,128x128,1000x1000,1.0
72,128x128,920x1300,0.46875
72,355x503,83x110,0.84375
72,355x503,128x128,0.46875
72,355x503,355x503,1.0
72,355x503,500x500,0.46875
72,355x503,1000x1000,0.46875
72,355x503,920x1300,1.0
72,500x500,83x110,0.5625
72,500x500,128x128,1.0
72,500x500,355x503,0.46875
72,500x500,500x500,1.0
72,500x500,1000x1000,1.0
72,500x500,920x1300,0.46875
72,1000x1000,83x110,0.5625
72,1000x1000,128x128,1.0
72,1000x1000,355x503,0.46875
72,1000x1000,500x500,1.0
72,1000x1000,1000x1000,1.0
72,1000x1000,920x1300,0.46875
72,920x1300,83x110,0.84375
72,920x1300,128x128,0.46875
72,920x1300,355x503,1.0
72,920x1300,500x500,0.46875
72,920x1300,1000x1000,0.46875
72,920x1300,920x1300,1.0
73,83x110,83x110,1.0
73,83x110,128x128,0.5625
73,83x110,355x503,0.84375
73,83x110,500x500,0.5625
73,83x110,1000x1000,0.5625
73,83x110,920x1300,0.84375
73,128x128,83x110,0.5625
73,128x128,128x128,1.0
73,128x128,355x503,0.53125
73,128x128,500x500,1.0
73,128x128,1000x1000,1.0
73,128x128,920x1300,0.53125
73,355x503,83x110,0.84375
73,355x503,128x128,0.53125
73,355x503,355x503,1.0
73,355x503,500x500,0.53125
73,355x503,1000x1000,0.53125
73,355x503,920x1300,1.0
73,500x500,83x110,0.5625
73,500x500,128x128,1.0
73,500x500,355x503,0.53125
73,500x500,500x500,1.0
73,500x500,1000x1000,1.0
73,500x500,920x1300,0.53125
73,1000x1000,83x110,0.5625
73,1000x1000,128x128,1.0
73,1000x1000,355x503,0.53125
73,1000x1000,500x500,1.0
73,1000x1000,1000x1000,1.0
73,1000x1000,920x1300,0.53125
73,920x1300,83x110,0.84375
73,920x1300,128x128,0.53125
73,920x1300,355x503,1.0
73,920x1300,500x500,0.53125
73,920x1300,1000x1000,0.53125
73,920x1300,920x1300,1.0
74,83x110,83x110,1.0
74,83x110,128x128,0.6875
74,83x110,355x503,0.96875
74,83x110,500x500,0.6875
74,83x110,1000x1000,0.6875
74,83x110,920x1300,0.96875
74,128x128,83x110,0.6875
74,128x128,128x128,1.0
74,128x128,355x503,0.65625
74,128x128,500x500,1.0
74,128x128,1000x1000,1.0
74,128x128,920x1300,0.65625
74,355x503,83x110,0.96875
74,355x503,128x128,0.65625
74,355x503,355x503,1.0
74,355x503,500x500,0.65625
74,355x503,1000x1000,0.65625
74,355x503,920x1300,1.0
74,500x500,83x110,0.6875
74,500x500,128x128,1.0
74,500x500,355x503,0.65625
74,500x500,500x500,1.0
74,500x500,1000x1000,1.0
74,500x500,920x1300,0.65625
74,1000x1000,83x110,0.6875
74,1000x1000,128x128,1.0
74,1000x1000,355x503,0.65625
74,1000x1000,500x500,1.0
74,1000x1000,1000x1000,1.0
74,1000x1000,920x1300,0.65625
74,920x1300,83x110,0.96875
74,920x1300,128x128,0.65625
74,920x1300,355x503,1.0
74,920x1300,500x500,0.65625
74,920x1300,1000x1000,0.65625
74,920x1300,920x1300,1.0
75,83x110,83x110,1.0
75,83x110,128x128,0.625
75,83x110,355x503,0.9375
75,83x110,500x500,0.625
75,83x110,1000x1000,0.625
75,83x110,920x1300,0.9375
75,128x128,83x110,0.625
75,128x128,128x128,1.0
75,128x128,355x503,0.59375
75,128x128,500x500,1.0
75,128x128,1000x1000,1.0
75,128x128,920x1300,0.59375
75,355x503,83x110,0.9375
75,355x503,128x128,0.59375
75,355x503,355x503,1.0
75,355x503,500x500,0.59375
75,355x503,1000x1000,0.59375
75,355x503,920x1300,1.0
75,500x500,83x110,0.625
75,500x500,128x128,1.0
75,500x500,355x503,0.59375
75,500x500,500x500,1.0
75,500x500,1000x1000,1.0
75,500x500,920x1300,0.59375
75,1000x1000,83x110,0.625
75,1000x1000,128x128,1.0
75,1000x1000,355x503,0.59375
75,1000x1000,500x500,1.0
75,1000x1000,1000x1000,1.0
75,1000x1000,920x1300,0.59375
75,920x1300,83x110,0.9375
75,920x1300,128x128,0.59375
75,920x1300,355x503,1.0
75,920x1300,500x500,0.59375
75,920x1300,1000x1000,0.59375
75,920x1300,920x1300,1.0
76,83x110,83x110,1.0
76,83x110,128x128,0.59375
76,83x110,355x503,0.875
76,83x110,500x500,0.59375
76,83x110,1000x1000,0.59375
76,83x110,920x1300,0.90625
76,128x128,83x110,0.59375
76,128x128,128x128,1.0
76,128x128,355x503,0.53125
76,128x128,500x500,1.0
76,128x128,1000x1000,1.0
76,128x128,920x1300,0.53125
76,355x503,83x110,0.875
76,355x503,128x128,0.53125
76,355x503,355x503,1.0
76,355x503,500x500,0.53125
76,355x503,1000x1000,0.53125
76,355x503,920x1300,0.96875
76,500x500,83x110,0.59375
76,500x500,128x128,1.0
76,500x500,355x503,0.53125
76,500x500,500x500,1.0
76,500x500,1000x1000,1.0
76,500x500,920x1300,0.53125
76,1000x1000,83x110,0.59375
76,1000x1000,128x128,1.0
76,1000x1000,355x503,0.53125
76,1000x1000,500x500,1.0
76,1000x1000,1000x1000,1.0
76,1000x1000,920x1300,0.53125
76,920x1300,83x110,0.90625
76,920x1300,128x128,0.53125
76,920x1300,355x503,0.96875
76,920x1300,500x500,0.53125
76,920x1300,1000x1000,0.53125
76,920x1300,920x1300,1.0
77,83x110,83x110,1.0
77,83x110,128x128,0.8125
77,83x110,355x503,0.9375
77,83x110,500x500,0.8125
77,83x110,1000x1000,0.8125
77,83x110,920x1300,0.9375
77,128x128,83x110,0.8125
77,128x128,128x128,1.0
77,128x128,355x503,0.75
77,128x128,500x500,1.0
77,128x128,1000x1000,1.0
77,128x128,920x1300,0.75
77,355x503,83x110,0.9375
77,355x503,128x128,0.75
77,355x503,355x503,1.0
77,355x503,500x500,0.75
77,355x503,1000x1000,0.75
77,355x503,920x1300,1.0
77,500x500,83x110,0.8125
77,500x500,128x128,1.0
77,500x500,355x503,0.75
77,500x500,500x500,1.0
77,500x500,1000x1000,1.0
77,500x500,920x1300,0.75
77,1000x1000,83x110,0.8125
77,1000x1000,128x128,1.0
77,1000x1000,355x503,0.75
77,1000x1000,500x500,1.0
77,1000x1000,1000x1000,1.0
77,1000x1000,920x1300,0.75
77,920x1300,83x110,0.9375
77,920x1300,128x128,0.75
77,920x1300,355x503,1.0
77,920x1300,500x500,0.75
77,920x1300,1000x1000,0.75
77,920x1300,920x1300,1.0
78,83x110,83x110,1.0
78,83x110,128x128,0.65625
78,83x110,355x503,0.9375
78,83x110,500x500,0.65625
78,83x110,1000x1000,0.65625
78,83x110,920x1300,0.9375
78,128x128,83x110,0.65625
78,128x128,128x128,1.0
78,128x128,355x503,0.65625
78,128x128,500x500,1.0
78,128x128,1000x1000,1.0
78,128x128,920x1300,0.65625
78,355x503,83x110,0.9375
78,355x503,128x128,0.65625
78,355x503,355x503,1.0
78,355x503,500x500,0.65625
78,355x503,1000x1000,0.65625
78,355x503,920x1300,1.0
78,500x500,83x110,0.65625
78,500x500,128x128,1.0
78,500x500,355x503,0.65625
78,500x500,500x500,1.0
78,500x500,1000x1000,1.0
78,500x500,920x1300,0.65625
78,1000x1000,83x110,0.65625
78,1000x1000,128x128,1.0
78,1000x1000,355x503,0.65625
78,1000x1000,500x500,1.0
78,1000x1000,1000x1000,1.0
78,1000x1000,920x1300,0.65625
78,920x1300,83x110,0.9375
78,920x1300,128x128,0.65625
78,920x1300,355x503,1.0
78,920x1300,500x500,0.65625
78,920x1300,1000x1000,0.65625
78,920x1300,920x1300,1.0
79,83x110,83x110,1.0
79,83x110,128x128,0.6875
79,83x110,355x503,0.90625
79,83x110,500x500,0.6875
79,83x110,1000x1000,0.6875
79,83x110,920x1300,0.90625
79,128x128,83x110,0.6875
79,128x128,128x128,1.0
79,128x128,355x503,0.65625
79,128x128,500x500,0.96875
79,128x128,1000x1000,0.96875
79,128x128,920x1300,0.65625
79,355x503,83x110,0.90625
79,355x503,128x128,0.65625
79,355x503,355x503,1.0
79,355x503,500x500,0.65625
79,355x503,1000x1000,0.65625
79,355x503,920x1300,1.0
79,500x500,83x110,0.6875
79,500x500,128x128,0.96875
79,500x500,355x503,0.65625
79,500x500,500x500,1.0
79,500x500,1000x1000,1.0
79,500x500,920x1300,0.65625
79,1000x1000,83x110,0.6875
79,1000x1000,128x128,0.96875
79,1000x1000,355x503,0.65625
79,1000x1000,500x500,1.0
79,1000x1000,1000x1000,1.0
79,1000x1000,920x1300,0.65625
79,920x1300,83x110,0.90625
79,920x1300,128x128,0.65625
79,920x1300,355x503,1.0
79,920x1300,500x500,0.65625
79,920x1300,1000x1000,0.65625
79,920x1300,920x1300,1.0
80,83x110,83x110,1.0
80,83x110,128x128,0.65625
80,83x110,355x503,0.96875
80,83x110,500x500,0.65625
80,83x110,1000x1000,0.65625
80,83x110,920x1300,0.96875
80,128x128,83x110,0.65625
80,128x128,128x128,1.0
80,128x128,355x503,0.625
80,128x128,500x500,0.96875
80,128x128,1000x1000,0.96875
80,128x128,920x1300,0.65625
80,355x503,83x110,0.96875
80,355x503,128x128,0.625
80,355x503,355x503,1.0
80,355x503,500x500,0.65625
80,355x503,1000x1000,0.65625
80,355x503,920x1300,0.96875
80,500x500,83x110,0.65625
80,500x500,128x128,0.96875
80,500x500,355x503,0.65625
80,500x500,500x500,1.0
80,500x500,1000x1000,1.0
80,500x500,920x1300,0.65625
80,1000x1000,83x110,0.65625
80,1000x1000,128x128,0.96875
80,1000x1000,355x503,0.65625
80,1000x1000,500x500,1.0
80,1000x1000,1000x1000,1.0
80,1000x1000,920x1300,0.65625
80,920x1300,83x110,0.96875
80,920x1300,128x128,0.65625
80,920x1300,355x503,0.96875
80,920x1300,500x500,0.65625
80,920x1300,1000x1000,0.65625
80,920x1300,920x1300,1.0
81,83x110,83x110,1.0
81,83x110,128x128,0.5
81,83x110,355x503,0.9375
81,83x110,500x500,0.53125
81,83x110,1000x1000,0.53125
81,83x110,920x1300,0.96875
81,128x128,83x110,0.5
81,128x128,128x128,1.0
81,128x128,355x503,0.5
81,128x128,500x500,0.96875
81,128x128,1000x1000,0.96875
81,128x128,920x1300,0.5
81,355x503,83x110,0.9375
81,355x503,128x128,0.5
81,355x503,355x503,1.0
81,355x503,500x500,0.5
81,355x503,1000x1000,0.5
81,355x503,920x1300,0.96875
81,500x500,83x110,0.53125
81,500x500,128x128,0.96875
81,500x500,355x503,0.5
81,500x500,500x500,1.0
81,500x500,1000x1000,0.96875
81,500x500,920x1300,0.5
81,1000x1000,83x110,0.53125
81,1000x1000,128x128,0.96875
81,1000x1000,355x503,0.5
81,1000x1000,500x500,0.96875
81,1000x1000,1000x1000,1.0
81,1000x1000,920x1300,0.5
81,920x1300,83x110,0.96875
81,920x1300,128x128,0.5
81,920x1300,355x503,0.96875
81,920x1300,500x500,0.5
81,920x1300,1000x1000,0.5
81,920x1300,920x1300,1.0
82,83x110,83x110,1.0
82,83x110,128x128,0.5625
82,83x110,355x503,0.90625
82,83x110,500x500,0.59375
82,83x110,1000x1000,0.59375
82,83x110,920x1300,0.90625
82,128x128,83x110,0.5625
82,128x128,128x128,1.0
82,128x128,355x503,0.5625
82,128x128,500x500,0.96875
82,128x128,1000x1000,0.96875
82,128x128,920x1300,0.5625
82,355x503,83x110,0.90625
82,355x503,128x128,0.5625
82,355x503,355x503,1.0
82,355x503,500x500,0.5625
82,355x503,1000x1000,0.5625
82,355x503,920x1300,1.0
82,500x500,83x110,0.59375
82,500x500,128x128,0.96875
82,500x500,355x503,0.5625
82,500x500,500x500,1.0
82,500x500,1000x1000,1.0
82,500x500,920x1300,0.5625
82,1000x1000,83x110,0.59375
82,1000x1000,128x128,0.96875
82,1000x1000,355x503,0.5625
82,1000x1000,500x500,1.0
82,1000x1000,1000x1000,1.0
82,1000x1000,920x1300,0.5625
82,920x1300,83x110,0.90625
82,920x1300,128x128,0.5625
82,920x1300,355x503,1.0
82,920x1300,500x500,0.5625
82,920x1300,1000x1000,0.5625
82,920x1300,920x1300,1.0
83,83x110,83x110,1.0
83,83x110,128x128,0.71875
83,83x110,355x503,0.875
83,83x110,500x500,0.71875
83,83x110,1000x1000,0.71875
83,83x110,920x1300,0.875
83,128x128,83x110,0.71875
83,128x128,128x128,1.0
83,128x128,355x503,0.71875
83,128x128,500x500,1.0
83,128x128,1000x1000,1.0
83,128x128,920x1300,0.6875
83,355x503,83x110,0.875
83,355x503,128x128,0.71875
83,355x503,355x503,1.0
83,355x503,500x500,0.71875
83,355x503,1000x1000,0.71875
83,355x503,920x1300,0.96875
83,500x500,83x110,0.71875
83,500x500,128x128,1.0
83,500x500,355x503,0.71875
83,500x500,500x500,1.0
83,500x500,1000x1000,1.0
83,500x500,920x1300,0.6875
83,1000x1000,83x110,0.71875
83,1000x1000,128x128,1.0
83,1000x1000,355x503,0.71875
83,1000x1000,500x500,1.0
83,1000x1000,1000x1000,1.0
83,1000x1000,920x1300,0.6875
83,920x1300,83x110,0.875
83,920x1300,128x128,0.6875
83,920x1300,355x503,0.96875
83,920x1300,500x500,0.6875
83,920x1300,1000x1000,0.6875
83,920x1300,920x1300,1.0
84,83x110,83x110,1.0
84,83x110,128x128,0.40625
84,83x110,355x503,0.90625
84,83x110,500x500,0.40625
84,83x110,1000x1000,0.40625
84,83x110,920x1300,0.90625
84,128x128,83x110,0.40625
84,128x128,128x128,1.0
84,128x128,355x503,0.34375
84,128x128,500x500,1.0
84,128x128,1000x1000,1.0
84,128x128,920x1300,0.34375
84,355x503,83x110,0.90625
84,355x503,128x128,0.34375
84,355x503,355x503,1.0
84,355x503,500x500,0.34375
84,355x503,1000x1000,0.34375
84,355x503,920x1300,1.0
84,500x500,83x110,0.40625
84,500x500,128x128,1.0
84,500x500,355x503,0.34375
84,500x500,500x500,1.0
84,500x500,1000x1000,1.0
84,500x500,920x1300,0.34375
84,1000x1000,83x110,0.40625
84,1000x1000,128x128,1.0
84,1000x1000,355x503,0.34375
84,1000x1000,500x500,1.0
84,1000x1000,1000x1000,1.0
84,1000x1000,920x1300,0.34375
84,920x1300,83x110,0.90625
84,920x1300,128x128,0.34375
84,920x1300,355x503,1.0
84,920x1300,500x500,0.34375
84,920x1300,1000x1000,0.34375
84,920x1300,920x1300,1.0
85,83x110,83x110,1.0
85,83x110,128x128,0.71875
85,83x110,355x503,0.84375
85,83x110,500x500,0.6875
85,83x110,1000x1000,0.6875
85,83x110,920x1300,0.875
85,128x128,83x110,0.71875
85,128x128,128x128,1.0
85,128x128,355x503,0.625
85,128x128,500x500,0.96875
85,128x128,1000x1000,0.96875
85,128x128,920x1300,0.625
85,355x503,83x110,0.84375
85,355x503,128x128,0.625
85,355x503,355x503,1.0
85,355x503,500x500,0.59375
85,355x503,1000x1000,0.59375
85,355x503,920x1300,0.96875
85,500x500,83x110,0.6875
85,500x500,128x128,0.96875
85,500x500,355x503,0.59375
85,500x500,500x500,1.0
85,500x500,1000x1000,1.0
85,500x500,920x1300,0.59375
85,1000x1000,83x110,0.6875
85,1000x1000,128x128,0.96875
85,1000x1000,355x503,0.59375
85,1000x1000,500x500,1.0
85,1000x1000,1000x1000,1.0
85,1000x1000,920x1300,0.59375
85,920x1300,83x110,0.875
85,920x1300,128x128,0.625
85,920x1300,355x503,0.96875
85,920x1300,500x500,0.59375
85,920x1300,1000x1000,0.59375
85,920x1300,920x1300,1.0
86,83x110,83x110,1.0
86,83x110,128x128,0.65625
86,83x110,355x503,0.875
86,83x110,500x500,0.65625
86,83x110,1000x1000,0.65625
86,83x110,920x1300,0.875
86,128x128,83x110,0.65625
86,128x128,128x128,1.0
86,128x128,355x503,0.5625
86,128x128,500x500,1.0
86,128x128,1000x1000,1.0
86,128x128,920x1300,0.5625
86,355x503,83x110,0.875
86,355x503,128x128,0.5625
86,355x503,355x503,1.0
86,355x503,500x500,0.5625
86,355x503,1000x1000,0.5625
86,355x503,920x1300,1.0
86,500x500,83x110,0.65625
86,500x500,128x128,1.0
86,500x500,355x503,0.5625
86,500x500,500x500,1.0
86,500x500,1000x1000,1.0
86,500x500,920x1300,0.5625
86,1000x1000,83x110,0.65625
86,1000x1000,128x128,1.0
86,1000x1000,355x503,0.5625
86,1000x1000,500x500,1.0
86,1000x1000,1000x1000,1.0
86,1000x1000,920x1300,0.5625
86,920x1300,83x110,0.875
86,920x1300,128x128,0.5625
86,920x1300,355x503,1.0
86,920x1300,500x500,0.5625
86,920x1300,1000x1000,0.5625
86,920x1300,920x1300,1.0
87,83x110,83x110,1.0
87,83x110,128x128,0.59375
87,83x110,355x503,0.90625
87,83x110,500x500,0.59375
87,83x110,1000x1000,0.59375
87,83x110,920x1300,0.9375
87,128x128,83x110,0.59375
87,128x128,128x128,1.0
87,128x128,355x503,0.59375
87,128x128,500x500,1.0
87,128x128,1000x1000,1.0
87,128x128,920x1300,0.59375
87,355x503,83x110,0.90625
87,355x503,128x128,0.59375
87,355x503,355x503,1.0
87,355x503,500x500,0.59375
87,355x503,1000x1000,0.59375
87,355x503,920x1300,0.96875
87,500x500,83x110,0.59375
87,500x500,128x128,1.0
87,500x500,355x503,0.59375
87,500x500,500x500,1.0
87,500x500,1000x1000,1.0
87,500x500,920x1300,0.59375
87,1000x1000,83x110,0.59375
87,1000x1000,128x128,1.0
87,1000x1000,355x503,0.59375
87,1000x1000,500x500,1.0
87,1000x1000,1000x1000,1.0
87,1000x1000,920x1300,0.59375
87,920x1300,83x110,0.9375
87,920x1300,128x128,0.59375
87,920x1300,355x503,0.96875
87,920x1300,500x500,0.59375
87,920x1300,1000x1000,0.59375
87,920x1300,920x1300,1.0
88,83x110,83x110,1.0
88,83x110,128x128,0.75
88,83x110,355x503,0.9375
88,83x110,500x500,0.78125
88,83x110,1000x1000,0.78125
88,83x110,920x1300,0.9375
88,128x128,83x110,0.75
88,128x128,128x128,1.0
88,128x128,355x503,0.6875
88,128x128,500x500,0.96875
88,128x128,1000x1000,0.96875
88,128x128,920x1300,0.6875
88,355x503,83x110,0.9375
88,355x503,128x128,0.6875
88,355x503,355x503,1.0
88,355x503,500x500,0.71875
88,355x503,1000x1000,0.71875
88,355x503,920x1300,1.0
88,500x500,83x110,0.78125
88,500x500,128x128,0.96875
88,500x500,355x503,0.71875
88,500x500,500x500,1.0
88,500x500,1000x1000,1.0
88,500x500,920x1300,0.71875
88,1000x1000,83x110,0.78125
88,1000x1000,128x128,0.96875
88,1000x1000,355x503,0.71875
88,1000x1000,500x500,1.0
88,1000x1000,1000x1000,1.0
88,1000x1000,920x1300,0.71875
88,920x1300,83x110,0.9375
88,920x1300,128x128,0.6875
88,920x1300,355x503,1.0
88,920x1300,500x500,0.71875
88,920x1300,1000x1000,0.71875
88,920x1300,920x1300,1.0
89,83x110,83x110,1.0
89,83x110,128x128,0.71875
89,83x110,355x503,0.84375
89,83x110,500x500,0.71875
89,83x110,1000x1000,0.71875
89,83x110,920x1300,0.84375
89,128x128,83x110,0.71875
89,128x128,128x128,1.0
89,128x128,355x503,0.59375
89,128x128,500x500,1.0
89,128x128,1000x1000,1.0
89,128x128,920x1300,0.59375
89,355x503,83x110,0.84375
89,355x503,128x128,0.59375
89,355x503,355x503,1.0
89,355x503,500x500,0.59375
89,355x503,1000x1000,0.59375
89,355x503,920x1300,1.0
89,500x500,83x110,0.71875
89,500x500,128x128,1.0
89,500x500,355x503,0.59375
89,500x500,500x500,1.0
89,500x500,1000x1000,1.0
89,500x500,920x1300,0.59375
89,1000x1000,83x110,0.71875
89,1000x1000,128x128,1.0
89,1000x1000,355x503,0.59375
89,1000x1000,500x500,1.0
89,1000x1000,1000x1000,1.0
89,1000x1000,920x1300,0.59375
89,920x1300,83x110,0.84375
89,920x1300,128x128,0.59375
89,920x1300,355x503,1.0
89,920x1300,500x500,0.59375
89,920x1300,1000x1000,0.59375
89,920x1300,920x1300,1.0
90,83x110,83x110,1.0
90,83x110,128x128,0.625
90,83x110,355x503,0.875
90,83x110,500x500,0.625
90,83x110,1000x1000,0.625
90,83x110,920x1300,0.90625
90,128x128,83x110,0.625
90,128x128,128x128,1.0
90,128x128,355x503,0.625
90,128x128,500x500,0.96875
90,128x128,1000x1000,0.96875
90,128x128,920x1300,0.59375
90,355x503,83x110,0.875
90,355x503,128x128,0.625
90,355x503,355x503,1.0
90,355x503,500x500,0.65625
90,355x503,1000x1000,0.65625
90,355x503,920x1300,0.96875
90,500x500,83x110,0.625
90,500x500,128x128,0.96875
90,500x500,355x503,0.65625
90,500x500,500x500,1.0
90,500x500,1000x1000,1.0
90,500x500,920x1300,0.625
90,1000x1000,83x110,0.625
90,1000x1000,128x128,0.96875
90,1000x1000,355x503,0.65625
90,1000x1000,500x500,1.0
90,1000x1000,1000x1000,1.0
90,1000x1000,920x1300,0.625
90,920x1300,83x110,0.90625
90,920x1300,128x128,0.59375
90,920x1300,355x503,0.96875
90,920x1300,500x500,0.625
90,920x1300,1000x1000,0.625
90,920x1300,920x1300,1.0
91,83x110,83x110,1.0
91,83x110,128x128,0.6875
91,83x110,355x503,0.9375
91,83x110,500x500,0.6875
91,83x110,1000x1000,0.6875
91,83x110,920x1300,0.9375
91,128x128,83x110,0.6875
91,128x128,128x128,1.0
91,128x128,355x503,0.65625
91,128x128,500x500,1.0
91,128x128,1000x1000,1.0
91,128x128,920x1300,0.625
91,355x503,83x110,0.9375
91,355x503,128x128,0.65625
91,355x503,355x503,1.0
91,355x503,500x500,0.65625
91,355x503,1000x1000,0.65625
91,355x503,920x1300,0.96875
91,500x500,83x110,0.6875
91,500x500,128x128,1.0
91,500x500,355x503,0.65625
91,500x500,500x500,1.0
91,500x500,1000x1000,1.0
91,500x500,920x1300,0.625
91,1000x1000,83x110,0.6875
91,1000x1000,128x128,1.0
91,1000x1000,355x503,0.65625
91,1000x1000,500x500,1.0
91,1000x1000,1000x1000,1.0
91,1000x1000,920x1300,0.625
91,920x1300,83x110,0.9375
91,920x1300,128x128,0.625
91,920x1300,355x503,0.96875
91,920x1300,500x500,0.625
91,920x1300,1000x1000,0.625
91,920x1300,920x1300,1.0
92,83x110,83x110,1.0
92,83x110,128x128,0.59375
92,83x110,355x503,0.875
92,83x110,500x500,0.625
92,83x110,1000x1000,0.625
92,83x110,920x1300,0.90625
92,128x128,83x110,0.59375
92,128x128,128x128,1.0
92,128x128,355x503,0.5625
92,128x128,500x500,0.96875
92,128x128,1000x1000,0.96875
92,128x128,920x1300,0.59375
92,355x503,83x110,0.875
92,355x503,128x128,0.5625
92,355x503,355x503,1.0
92,355x503,500x500,0.59375
92,355x503,1000x1000,0.59375
92,355x503,920x1300,0.96875
92,500x500,83x110,0.625
92,500x500,128x128,0.96875
92,500x500,355x503,0.59375
92,500x500,500x500,1.0
92,500x500,1000x1000,1.0
92,500x500,920x1300,0.625
92,1000x1000,83x110,0.625
92,1000x1000,128x128,0.96875
92,1000x1000,355x503,0.59375
92,1000x1000,500x500,1.0
92,1000x1000,1000x1000,1.0
92,1000x1000,920x1300,0.625
92,920x1300,83x110,0.90625
92,920x1300,128x128,0.59375
92,920x1300,355x503,0.96875
92,920x1300,500x500,0.625
92,920x1300,1000x1000,0.625
92,920x1300,920x1300,1.0
93,83x110,83x110,1.0
93,83x110,128x128,0.65625
93,83x110,355x503,0.9375
93,83x110,500x500,0.65625
93,83x110,1000x1000,0.65625
93,83x110,920x1300,0.9375
93,128x128,83x110,0.65625
93,128x128,128x128,1.0
93,128x128,355x503,0.625
93,128x128,500x500,1.0
93,128x128,1000x1000,1.0
93,128x128,920x1300,0.625
93,355x503,83x110,0.9375
93,355x503,128x128,0.625
93,355x503,355x503,1.0
93,355x503,500x500,0.625
93,355x503,1000x1000,0.625
93,355x503,920x1300,1.0
93,500x500,83x110,0.65625
93,500x500,128x128,1.0
93,500x500,355x503,0.625
93,500x500,500x500,1.0
93,500x500,1000x1000,1.0
93,500x500,920x1300,0.625
93,1000x1000,83x110,0.65625
93,1000x1000,128x128,1.0
93,1000x1000,355x503,0.625
93,1000x1000,500x500,1.0
93,1000x1000,1000x1000,1.0
93,1000x1000,920x1300,0.625
93,920x1300,83x110,0.9375
93,920x1300,128x128,0.625
93,920x1300,355x503,1.0
93,920x1300,500x500,0.625
93,920x1300,1000x1000,0.625
93,920x1300,920x1300,1.0
94,83x110,83x110,1.0
94,83x110,128x128,0.625
94,83x110,355x503,0.875
94,83x110,500x500,0.59375
94,83x110,1000x1000,0.625
94,83x110,920x1300,0.90625
94,128x128,83x110,0.625
94,128x128,128x128,1.0
94,128x128,355x503,0.65625
94,128x128,500x500,0.9375
94,128x128,1000x1000,0.96875
94,128x128,920x1300,0.65625
94,355x503,83x110,0.875
94,355x503,128x128,0.65625
94,355x503,355x503,1.0
94,355x503,500x500,0.625
94,355x503,1000x1000,0.65625
94,355x503,920x1300,0.96875
94,500x500,83x110,0.59375
94,500x500,128x128,0.9375
94,500x500,355x503,0.625
94,500x500,500x500,1.0
94,500x500,1000x1000,0.96875
94,500x500,920x1300,0.625
94,1000x1000,83x110,0.625
94,1000x1000,128x128,0.96875
94,1000x1000,355x503,0.65625
94,1000x1000,500x500,0.96875
94,1000x1000,1000x1000,1.0
94,1000x1000,920x1300,0.65625
94,920x1300,83x110,0.90625
94,920x1300,128x128,0.65625
94,920x1300,355x503,0.96875
94,920x1300,500x500,0.625
94,920x1300,1000x1000,0.65625
94,920x1300,920x1300,1.0
95,83x110,83x110,1.0
95,83x110,128x128,0.5625
95,83x110,355x503,0.9375
95,83x110,500x500,0.59375
95,83x110,1000x1000,0.5625
95,83x110,920x1300,0.90625
95,128x128,83x110,0.5625
95,128x128,128x128,1.0
95,128x128,355x503,0.5625
95,128x128,500x500,0.9375
95,128x128,1000x1000,0.96875
95,128x128,920x1300,0.53125
95,355x503,83x110,0.9375
95,355x503,128x128,0.5625
95,355x503,355x503,1.0
95,355x503,500x500,0.59375
95,355x503,1000x1000,0.5625
95,355x503,920x1300,0.96875
95,500x500,83x110,0.59375
95,500x500,128x128,0.9375
95,500x500,355x503,0.59375
95,500x500,500x500,1.0
95,500x500,1000x1000,0.96875
95,500x500,920x1300,0.5625
95,1000x1000,83x110,0.5625
95,1000x1000,128x128,0.96875
95,1000x1000,355x503,0.5625
95,1000x1000,500x500,0.96875
95,1000x1000,1000x1000,1.0
95,1000x1000,920x1300,0.53125
95,920x1300,83x110,0.90625
95,920x1300,128x128,0.53125
95,920x1300,355x503,0.96875
95,920x1300,500x500,0.5625
95,920x1300,1000x1000,0.53125
95,920x1300,920x1300,1.0
96,83x110,83x110,1.0
96,83x110,128x128,0.75
96,83x110,355x503,0.90625
96,83x110,500x500,0.75
96,83x110,1000x1000,0.75
96,83x110,920x1300,0.90625
96,128x128,83x110,0.75
96,128x128,128x128,1.0
96,128x128,355x503,0.65625
96,128x128,500x500,1.0
96,128x128,1000x1000,1.0
96,128x128,920x1300,0.65625
96,355x503,83x110,0.90625
96,355x503,128x128,0.65625
96,355x503,355x503,1.0
96,355x503,500x500,0.65625
96,355x503,1000x1000,0.65625
96,355x503,920x1300,1.0
96,500x500,83x110,0.75
96,500x500,128x128,1.0
96,500x500,355x503,0.65625
96,500x500,500x500,1.0
96,500x500,1000x1000,1.0
96,500x500,920x1300,0.65625
96,1000x1000,83x110,0.75
96,1000x1000,128x128,1.0
96,1000x1000,355x503,0.65625
96,1000x1000,500x500,1.0
96,1000x1000,1000x1000,1.0
96,1000x1000,920x1300,0.65625
96,920x1300,83x110,0.90625
96,920x1300,128x128,0.65625
96,920x1300,355x503,1.0
96,920x1300,500x500,0.65625
96,920x1300,1000x1000,0.65625
96,920x1300,920x1300,1.0
97,83x110,83x110,1.0
97,83x110,128x128,0.65625
97,83x110,355x503,0.84375
97,83x110,500x500,0.65625
97,83x110,1000x1000,0.65625
97,83x110,920x1300,0.875
97,128x128,83x110,0.65625
97,128x128,128x128,1.0
97,128x128,355x503,0.59375
97,128x128,500x500,1.0
97,128x128,1000x1000,1.0
97,128x128,920x1300,0.625
97,355x503,83x110,0.84375
97,355x503,128x128,0.59375
97,355x503,355x503,1.0
97,355x503,500x500,0.59375
97,355x503,1000x1000,0.59375
97,355x503,920x1300,0.96875
97,500x500,83x110,0.65625
97,500x500,128x128,1.0
97,500x500,355x503,0.59375
97,500x500,500x500,1.0
97,500x500,1000x1000,1.0
97,500x500,920x1300,0.625
97,1000x1000,83x110,0.65625
97,1000x1000,128x128,1.0
97,1000x1000,355x503,0.59375
97,1000x1000,500x500,1.0
97,1000x1000,1000x1000,1.0
97,1000x1000,920x1300,0.625
97,920x1300,83x110,0.875
97,920x1300,128x128,0.625
97,920x1300,355x503,0.96875
97,920x1300,500x500,0.625
97,920x1300,1000x1000,0.625
97,920x1300,920x1300,1.0
98,83x110,83x110,1.0
98,83x110,128x128,0.65625
98,83x110,355x503,0.96875
98,83x110,500x500,0.65625
98,83x110,1000x1000,0.65625
98,83x110,920x1300,0.96875
98,128x128,83x110,0.65625
98,128x128,128x128,1.0
98,128x128,355x503,0.6875
98,128x128,500x500,1.0
98,128x128,1000x1000,1.0
98,128x128,920x1300,0.6875
98,355x503,83x110,0.96875
98,355x503,128x128,0.6875
98,355x503,355x503,1.0
98,355x503,500x500,0.6875
98,355x503,1000x1000,0.6875
98,355x503,920x1300,0.96875
98,500x500,83x110,0.65625
98,500x500,128x128,1.0
98,500x500,355x503,0.6875
98,500x500,500x500,1.0
98,500x500,1000x1000,1.0
98,500x500,920x1300,0.6875
98,1000x1000,83x110,0.65625
98,1000x1000,128x128,1.0
98,1000x1000,355x503,0.6875
98,1000x1000,500x500,1.0
98,1000x1000,1000x1000,1.0
98,1000x1000,920x1300,0.6875
98,920x1300,83x110,0.96875
98,920x1300,128x128,0.6875
98,920x1300,355x503,0.96875
98,920x1300,500x500,0.6875
98,920x1300,1000x1000,0.6875
98,920x1300,920x1300,1.0
99,83x110,83x110,1.0
99,83x110,128x128,0.53125
99,83x110,355x503,0.9375
99,83x110,500x500,0.5625
99,83x110,1000x1000,0.5625
99,83x110,920x1300,0.96875
99,128x128,83x110,0.53125
99,128x128,128x128,1.0
99,128x128,355x503,0.5
99,128x128,500x500,0.96875
99,128x128,1000x1000,0.96875
99,128x128,920x1300,0.5
99,355x503,83x110,0.9375
99,355x503,128x128,0.5
99,355x503,355x503,1.0
99,355x503,500x500,0.5
99,355x503,1000x1000,0.5
99,355x503,920x1300,0.96875
99,500x500,83x110,0.5625
99,500x500,128x128,0.96875
99,500x500,355x503,0.5
99,500x500,500x500,1.0
99,500x500,1000x1000,1.0
99,500x500,920x1300,0.53125
99,1000x1000,83x110,0.5625
99,1000x1000,128x128,0.96875
99,1000x1000,355x503,0.5
99,1000x1000,500x500,1.0
99,1000x1000,1000x1000,1.0
99,1000x1000,920x1300,0.53125
99,920x1300,83x110,0.96875
99,920x1300,128x128,0.5
99,920x1300,355x503,0.96875
99,920x1300,500x500,0.53125
99,920x1300,1000x1000,0.53125
99,920x1300,920x1300,1.0
